run_id,label,family,source,root_pid,kernel_drops,processing_errors,n_records,duration_sec,total_events,write_per_sec,unlink_per_sec,rename_per_sec,create_per_sec,write_ratio,unlink_ratio,rename_ratio,read_ratio,high_entropy_write_count,high_entropy_write_ratio,mean_write_entropy,entropy_available,read_then_overwrite_ratio,ext_change_rename_ratio,distinct_ext_after_rename,unique_files_touched,unique_dirs_touched,files_per_dir,total_write_bytes,mean_write_bytes,proc_count,crypto_calls
avoslocker_0cd7b6ea_001,1,avoslocker,ebpf+fuse,8758,0,0,109,0.1608,109,1.0,0.0,0.0,1.0,0.0092,0.0,0.0,0.3853,0,0.0,4.3682,1,0.0,0.0,0,1,1,1.0,1073,1073.0,1,0
avoslocker_10ab76cd_001,1,avoslocker,ebpf+fuse,8589,0,0,89,0.2088,89,1.0,0.0,0.0,1.0,0.0112,0.0,0.0,0.2472,0,0.0,4.3682,1,0.0,0.0,0,1,1,1.0,1073,1073.0,1,0
avoslocker_7c935dcd_001,1,avoslocker,ebpf+fuse,8596,0,0,143,0.1982,143,15.0,0.0,5.0,1.0,0.1049,0.0,0.035,0.3986,9,0.6,6.7386,1,0.9333,1.0,1,10,1,10.0,592764,39517.6,1,0
avoslocker_d7112a1e_001,1,avoslocker,ebpf+fuse,8725,0,0,62,0.3005,62,1.0,0.0,0.0,1.0,0.0161,0.0,0.0,0.2581,0,0.0,4.3682,1,0.0,0.0,0,1,1,1.0,1073,1073.0,1,0
avoslocker_e9a7b43a_001,1,avoslocker,ebpf+fuse,8640,0,0,156,0.2693,156,26.0,0.0,12.0,1.0,0.1667,0.0,0.0769,0.3333,13,0.5,6.7404,1,0.9615,1.0,1,14,1,14.0,855921,32920.04,1,0
babuk_113c3c3a_001,1,babuk,ebpf+fuse,8592,0,0,62,0.0473,62,4.0,0.0,1.0,1.0,0.0645,0.0,0.0161,0.2258,1,0.25,4.3136,1,0.75,1.0,1,2,1,2.0,69374,17343.5,1,0
babuk_53bf41be_001,1,babuk,ebpf+fuse,8606,0,0,146,0.1651,146,40.0,0.0,13.0,1.0,0.274,0.0,0.089,0.2603,13,0.325,4.3176,1,0.975,1.0,1,14,1,14.0,855616,21390.4,1,0
babuk_6891ccff_001,1,babuk,ebpf+fuse,8600,0,0,73,0.0878,73,7.0,0.0,2.0,1.0,0.0959,0.0,0.0274,0.2466,2,0.2857,5.713,1,0.8571,1.0,1,3,1,3.0,132574,18939.14,1,0
babuk_87db7036_001,1,babuk,ebpf+fuse,8603,0,0,73,0.0688,73,7.0,0.0,2.0,1.0,0.0959,0.0,0.0274,0.2466,2,0.2857,5.5534,1,0.8571,1.0,1,3,1,3.0,132046,18863.71,1,0
babuk_a1145bfa_001,1,babuk,ebpf+fuse,8597,0,0,146,0.1642,146,40.0,0.0,13.0,1.0,0.274,0.0,0.089,0.2603,13,0.325,4.3128,1,0.975,1.0,1,14,1,14.0,855616,21390.4,1,0
babuk_bed5049f_001,1,babuk,ebpf+fuse,8602,0,0,70,0.0787,70,4.0,0.0,1.0,1.0,0.0571,0.0,0.0143,0.2571,1,0.25,5.5076,1,0.75,1.0,1,3,1,3.0,66028,16507.0,1,0
babuk_dc90560d_001,1,babuk,ebpf+fuse,8598,0,0,71,0.0503,71,5.0,0.0,1.0,1.0,0.0704,0.0,0.0141,0.2535,1,0.2,3.6279,1,0.6,1.0,1,2,1,2.0,73825,14765.0,1,0
benign_base64_roundtrip_10x4k_1,0,base64_roundtrip,ebpf+fuse,12262,0,0,340,0.2037,340,40.0,0.0,0.0,20.0,0.1176,0.0,0.0,0.2971,0,0.0,0.0,0,0.0,0.0,0,20,1,20.0,98370,2459.25,21,0
benign_base64_roundtrip_10x4k_2,0,base64_roundtrip,ebpf+fuse,12303,0,0,340,0.2107,340,40.0,0.0,0.0,20.0,0.1176,0.0,0.0,0.2971,0,0.0,0.0,0,0.0,0.0,0,20,1,20.0,98370,2459.25,21,0
benign_base64_roundtrip_10x64k_1,0,base64_roundtrip,ebpf+fuse,12343,0,0,920,0.5549,920,390.0,0.0,0.0,20.0,0.4239,0.0,0.0,0.3598,0,0.0,0.0,0,0.0,0.0,0,20,1,20.0,1542040,3953.95,21,0
benign_base64_roundtrip_10x64k_2,0,base64_roundtrip,ebpf+fuse,12394,0,0,920,0.7342,920,390.0,0.0,0.0,20.0,0.4239,0.0,0.0,0.3598,0,0.0,0.0,0,0.0,0.0,0,20,1,20.0,1542040,3953.95,21,0
benign_base64_roundtrip_50x4k_1,0,base64_roundtrip,ebpf+fuse,12435,0,0,1500,1.3497,1500,148.1822,0.0,0.0,74.0911,0.1333,0.0,0.0,0.3073,0,0.0,0.0,0,0.0,0.0,0,100,1,100.0,491850,2459.25,101,0
benign_base64_roundtrip_50x4k_2,0,base64_roundtrip,ebpf+fuse,12554,0,0,1500,1.3691,1500,146.0782,0.0,0.0,73.0391,0.1333,0.0,0.0,0.3073,0,0.0,0.0,0,0.0,0.0,0,100,1,100.0,491850,2459.25,101,0
benign_base64_roundtrip_50x64k_1,0,base64_roundtrip,ebpf+fuse,12674,0,0,4400,2.4448,4400,797.601,0.0,0.0,40.9026,0.4432,0.0,0.0,0.3661,0,0.0,0.0,0,0.0,0.0,0,100,1,100.0,7710200,3953.95,101,0
benign_base64_roundtrip_50x64k_2,0,base64_roundtrip,ebpf+fuse,12795,0,0,4400,2.1884,4400,891.0508,0.0,0.0,45.6949,0.4432,0.0,0.0,0.3661,0,0.0,0.0,0,0.0,0.0,0,100,1,100.0,7710200,3953.95,101,0
benign_bulk_copy_10x4k_1,0,bulk_copy,ebpf+fuse,6231,0,0,102,0.0706,102,10.0,0.0,0.0,10.0,0.098,0.0,0.0,0.2549,0,0.0,4.3701,1,0.0,0.0,0,10,1,10.0,41830,4183.0,1,0
benign_bulk_copy_10x4k_2,0,bulk_copy,ebpf+fuse,6250,0,0,102,0.0681,102,10.0,0.0,0.0,10.0,0.098,0.0,0.0,0.2549,0,0.0,4.3701,1,0.0,0.0,0,10,1,10.0,41830,4183.0,1,0
benign_bulk_copy_10x64k_1,0,bulk_copy,ebpf+fuse,6270,0,0,102,0.0679,102,10.0,0.0,0.0,10.0,0.098,0.0,0.0,0.2549,0,0.0,4.3701,1,0.0,0.0,0,10,1,10.0,655930,65593.0,1,0
benign_bulk_copy_10x64k_2,0,bulk_copy,ebpf+fuse,6289,0,0,102,0.0918,102,10.0,0.0,0.0,10.0,0.098,0.0,0.0,0.2549,0,0.0,4.3701,1,0.0,0.0,0,10,1,10.0,655930,65593.0,1,0
benign_bulk_copy_50x4k_1,0,bulk_copy,ebpf+fuse,6308,0,0,262,0.197,262,50.0,0.0,0.0,50.0,0.1908,0.0,0.0,0.2519,0,0.0,4.3701,1,0.0,0.0,0,50,1,50.0,209150,4183.0,1,0
benign_bulk_copy_50x4k_2,0,bulk_copy,ebpf+fuse,6327,0,0,262,0.1777,262,50.0,0.0,0.0,50.0,0.1908,0.0,0.0,0.2519,0,0.0,4.3701,1,0.0,0.0,0,50,1,50.0,209150,4183.0,1,0
benign_bulk_copy_50x64k_1,0,bulk_copy,ebpf+fuse,6347,0,0,262,0.2795,262,50.0,0.0,0.0,50.0,0.1908,0.0,0.0,0.2519,0,0.0,4.3701,1,0.0,0.0,0,50,1,50.0,3279650,65593.0,1,0
benign_bulk_copy_50x64k_2,0,bulk_copy,ebpf+fuse,6366,0,0,262,0.2369,262,50.0,0.0,0.0,50.0,0.1908,0.0,0.0,0.2519,0,0.0,4.3701,1,0.0,0.0,0,50,1,50.0,3279650,65593.0,1,0
benign_bulk_copy_p_10x4k_1,0,bulk_copy_p,ebpf+fuse,6385,0,0,113,0.0813,113,10.0,0.0,0.0,10.0,0.0885,0.0,0.0,0.2301,0,0.0,4.3701,1,0.0,0.0,0,11,2,5.5,41830,4183.0,1,0
benign_bulk_copy_p_10x4k_2,0,bulk_copy_p,ebpf+fuse,6404,0,0,113,0.1187,113,10.0,0.0,0.0,10.0,0.0885,0.0,0.0,0.2301,0,0.0,4.3701,1,0.0,0.0,0,11,2,5.5,41830,4183.0,1,0
benign_bulk_copy_p_10x64k_1,0,bulk_copy_p,ebpf+fuse,6425,0,0,113,0.099,113,10.0,0.0,0.0,10.0,0.0885,0.0,0.0,0.2301,0,0.0,4.3701,1,0.0,0.0,0,11,2,5.5,655930,65593.0,1,0
benign_bulk_copy_p_10x64k_2,0,bulk_copy_p,ebpf+fuse,6455,0,0,113,0.103,113,10.0,0.0,0.0,10.0,0.0885,0.0,0.0,0.2301,0,0.0,4.3701,1,0.0,0.0,0,11,2,5.5,655930,65593.0,1,0
benign_bulk_copy_p_50x4k_1,0,bulk_copy_p,ebpf+fuse,6477,0,0,313,0.2739,313,50.0,0.0,0.0,50.0,0.1597,0.0,0.0,0.2109,0,0.0,4.3701,1,0.0,0.0,0,51,2,25.5,209150,4183.0,1,0
benign_bulk_copy_p_50x4k_2,0,bulk_copy_p,ebpf+fuse,6502,0,0,313,0.3283,313,50.0,0.0,0.0,50.0,0.1597,0.0,0.0,0.2109,0,0.0,4.3701,1,0.0,0.0,0,51,2,25.5,209150,4183.0,1,0
benign_bulk_copy_p_50x64k_1,0,bulk_copy_p,ebpf+fuse,6534,0,0,313,0.556,313,50.0,0.0,0.0,50.0,0.1597,0.0,0.0,0.2109,0,0.0,4.3701,1,0.0,0.0,0,51,2,25.5,3279650,65593.0,1,0
benign_bulk_copy_p_50x64k_2,0,bulk_copy_p,ebpf+fuse,6555,0,0,313,0.5508,313,50.0,0.0,0.0,50.0,0.1597,0.0,0.0,0.2109,0,0.0,4.3701,1,0.0,0.0,0,51,2,25.5,3279650,65593.0,1,0
benign_bulk_delete_10x4k_1,0,bulk_delete,ebpf+fuse,6759,0,0,68,0.0405,68,0.0,10.0,0.0,0.0,0.0,0.1471,0.0,0.2059,0,0.0,0.0,0,0.0,0.0,0,10,1,10.0,0,0.0,1,0
benign_bulk_delete_10x4k_2,0,bulk_delete,ebpf+fuse,6779,0,0,68,0.04,68,0.0,10.0,0.0,0.0,0.0,0.1471,0.0,0.2059,0,0.0,0.0,0,0.0,0.0,0,10,1,10.0,0,0.0,1,0
benign_bulk_delete_10x64k_1,0,bulk_delete,ebpf+fuse,6799,0,0,68,0.0348,68,0.0,10.0,0.0,0.0,0.0,0.1471,0.0,0.2059,0,0.0,0.0,0,0.0,0.0,0,10,1,10.0,0,0.0,1,0
benign_bulk_delete_10x64k_2,0,bulk_delete,ebpf+fuse,6819,0,0,68,0.0477,68,0.0,10.0,0.0,0.0,0.0,0.1471,0.0,0.2059,0,0.0,0.0,0,0.0,0.0,0,10,1,10.0,0,0.0,1,0
benign_bulk_delete_50x4k_1,0,bulk_delete,ebpf+fuse,6839,0,0,108,0.1052,108,0.0,50.0,0.0,0.0,0.0,0.463,0.0,0.1296,0,0.0,0.0,0,0.0,0.0,0,50,1,50.0,0,0.0,1,0
benign_bulk_delete_50x4k_2,0,bulk_delete,ebpf+fuse,6859,0,0,108,0.0833,108,0.0,50.0,0.0,0.0,0.0,0.463,0.0,0.1296,0,0.0,0.0,0,0.0,0.0,0,50,1,50.0,0,0.0,1,0
benign_bulk_delete_50x64k_1,0,bulk_delete,ebpf+fuse,6879,0,0,108,0.0719,108,0.0,50.0,0.0,0.0,0.0,0.463,0.0,0.1296,0,0.0,0.0,0,0.0,0.0,0,50,1,50.0,0,0.0,1,0
benign_bulk_delete_50x64k_2,0,bulk_delete,ebpf+fuse,6900,0,0,108,0.0666,108,0.0,50.0,0.0,0.0,0.0,0.463,0.0,0.1296,0,0.0,0.0,0,0.0,0.0,0,50,1,50.0,0,0.0,1,0
benign_bulk_move_10x4k_1,0,bulk_move,ebpf+fuse,6574,0,0,80,0.06,80,0.0,0.0,10.0,0.0,0.0,0.0,0.125,0.2375,0,0.0,0.0,0,0.0,0.0,0,10,1,10.0,0,0.0,2,0
benign_bulk_move_10x4k_2,0,bulk_move,ebpf+fuse,6595,0,0,80,0.107,80,0.0,0.0,10.0,0.0,0.0,0.0,0.125,0.2375,0,0.0,0.0,0,0.0,0.0,0,10,1,10.0,0,0.0,2,0
benign_bulk_move_10x64k_1,0,bulk_move,ebpf+fuse,6616,0,0,80,0.0522,80,0.0,0.0,10.0,0.0,0.0,0.0,0.125,0.2375,0,0.0,0.0,0,0.0,0.0,0,10,1,10.0,0,0.0,2,0
benign_bulk_move_10x64k_2,0,bulk_move,ebpf+fuse,6636,0,0,80,0.1212,80,0.0,0.0,10.0,0.0,0.0,0.0,0.125,0.2375,0,0.0,0.0,0,0.0,0.0,0,10,1,10.0,0,0.0,2,0
benign_bulk_move_50x4k_1,0,bulk_move,ebpf+fuse,6657,0,0,120,0.0999,120,0.0,0.0,50.0,0.0,0.0,0.0,0.4167,0.1583,0,0.0,0.0,0,0.0,0.0,0,50,1,50.0,0,0.0,2,0
benign_bulk_move_50x4k_2,0,bulk_move,ebpf+fuse,6695,0,0,120,0.143,120,0.0,0.0,50.0,0.0,0.0,0.0,0.4167,0.1583,0,0.0,0.0,0,0.0,0.0,0,50,1,50.0,0,0.0,2,0
benign_bulk_move_50x64k_1,0,bulk_move,ebpf+fuse,6717,0,0,120,0.1221,120,0.0,0.0,50.0,0.0,0.0,0.0,0.4167,0.1583,0,0.0,0.0,0,0.0,0.0,0,50,1,50.0,0,0.0,2,0
benign_bulk_move_50x64k_2,0,bulk_move,ebpf+fuse,6738,0,0,120,0.2037,120,0.0,0.0,50.0,0.0,0.0,0.0,0.4167,0.1583,0,0.0,0.0,0,0.0,0.0,0,50,1,50.0,0,0.0,2,0
benign_bzip2_each_10x4k_1,0,bzip2_each,ebpf+fuse,9105,0,0,140,0.1586,140,10.0,10.0,0.0,10.0,0.0714,0.0714,0.0,0.25,0,0.0,6.1845,1,0.0,0.0,0,20,1,20.0,1410,141.0,2,0
benign_bzip2_each_10x4k_2,0,bzip2_each,ebpf+fuse,9126,0,0,140,0.1197,140,10.0,10.0,0.0,10.0,0.0714,0.0714,0.0,0.25,0,0.0,6.1845,1,0.0,0.0,0,20,1,20.0,1410,141.0,2,0
benign_bzip2_each_10x64k_1,0,bzip2_each,ebpf+fuse,9149,0,0,290,0.3927,290,10.0,10.0,0.0,10.0,0.0345,0.0345,0.0,0.6379,0,0.0,6.0247,1,0.0,0.0,0,20,1,20.0,1720,172.0,2,0
benign_bzip2_each_10x64k_2,0,bzip2_each,ebpf+fuse,9170,0,0,290,0.3586,290,10.0,10.0,0.0,10.0,0.0345,0.0345,0.0,0.6379,0,0.0,6.0247,1,0.0,0.0,0,20,1,20.0,1720,172.0,2,0
benign_bzip2_each_50x4k_1,0,bzip2_each,ebpf+fuse,9192,0,0,460,0.4444,460,50.0,50.0,0.0,50.0,0.1087,0.1087,0.0,0.25,0,0.0,6.1845,1,0.0,0.0,0,100,1,100.0,7050,141.0,2,0
benign_bzip2_each_50x4k_2,0,bzip2_each,ebpf+fuse,9213,0,0,460,0.4726,460,50.0,50.0,0.0,50.0,0.1087,0.1087,0.0,0.25,0,0.0,6.1845,1,0.0,0.0,0,100,1,100.0,7050,141.0,2,0
benign_bzip2_each_50x64k_1,0,bzip2_each,ebpf+fuse,9234,0,0,1210,1.8577,1210,26.9145,26.9145,0.0,26.9145,0.0413,0.0413,0.0,0.7149,0,0.0,6.0247,1,0.0,0.0,0,100,1,100.0,8600,172.0,2,0
benign_bzip2_each_50x64k_2,0,bzip2_each,ebpf+fuse,9257,0,0,1210,1.8473,1210,27.0671,27.0671,0.0,27.0671,0.0413,0.0413,0.0,0.7149,0,0.0,6.0247,1,0.0,0.0,0,100,1,100.0,8600,172.0,2,0
benign_cp_archive_10x4k_1,0,cp_archive,ebpf+fuse,11047,0,0,113,0.0756,113,10.0,0.0,0.0,10.0,0.0885,0.0,0.0,0.2301,0,0.0,4.3701,1,0.0,0.0,0,11,2,5.5,41830,4183.0,1,0
benign_cp_archive_10x4k_2,0,cp_archive,ebpf+fuse,11067,0,0,113,0.0599,113,10.0,0.0,0.0,10.0,0.0885,0.0,0.0,0.2301,0,0.0,4.3701,1,0.0,0.0,0,11,2,5.5,41830,4183.0,1,0
benign_cp_archive_10x64k_1,0,cp_archive,ebpf+fuse,11088,0,0,113,0.0724,113,10.0,0.0,0.0,10.0,0.0885,0.0,0.0,0.2301,0,0.0,4.3701,1,0.0,0.0,0,11,2,5.5,655930,65593.0,1,0
benign_cp_archive_10x64k_2,0,cp_archive,ebpf+fuse,11107,0,0,113,0.0744,113,10.0,0.0,0.0,10.0,0.0885,0.0,0.0,0.2301,0,0.0,4.3701,1,0.0,0.0,0,11,2,5.5,655930,65593.0,1,0
benign_cp_archive_50x4k_1,0,cp_archive,ebpf+fuse,11128,0,0,313,0.2297,313,50.0,0.0,0.0,50.0,0.1597,0.0,0.0,0.2109,0,0.0,4.3701,1,0.0,0.0,0,51,2,25.5,209150,4183.0,1,0
benign_cp_archive_50x4k_2,0,cp_archive,ebpf+fuse,11148,0,0,313,0.4694,313,50.0,0.0,0.0,50.0,0.1597,0.0,0.0,0.2109,0,0.0,4.3701,1,0.0,0.0,0,51,2,25.5,209150,4183.0,1,0
benign_cp_archive_50x64k_1,0,cp_archive,ebpf+fuse,11168,0,0,313,0.2615,313,50.0,0.0,0.0,50.0,0.1597,0.0,0.0,0.2109,0,0.0,4.3701,1,0.0,0.0,0,51,2,25.5,3279650,65593.0,1,0
benign_cp_archive_50x64k_2,0,cp_archive,ebpf+fuse,11188,0,0,313,0.2553,313,50.0,0.0,0.0,50.0,0.1597,0.0,0.0,0.2109,0,0.0,4.3701,1,0.0,0.0,0,51,2,25.5,3279650,65593.0,1,0
benign_dd_copy_10x4k_1,0,dd_copy,ebpf+fuse,11383,0,0,72,0.0335,72,8.0,0.0,0.0,1.0,0.1111,0.0,0.0,0.2778,8,1.0,7.1678,1,0.0,0.0,0,1,1,1.0,524288,65536.0,1,0
benign_dd_copy_10x4k_2,0,dd_copy,ebpf+fuse,11404,0,0,72,0.0359,72,8.0,0.0,0.0,1.0,0.1111,0.0,0.0,0.2778,8,1.0,7.181,1,0.0,0.0,0,1,1,1.0,524288,65536.0,1,0
benign_dd_copy_10x64k_1,0,dd_copy,ebpf+fuse,11429,0,0,76,0.0347,76,10.0,0.0,0.0,1.0,0.1316,0.0,0.0,0.2895,10,1.0,7.154,1,0.0,0.0,0,1,1,1.0,655360,65536.0,1,0
benign_dd_copy_10x64k_2,0,dd_copy,ebpf+fuse,11448,0,0,76,0.0338,76,10.0,0.0,0.0,1.0,0.1316,0.0,0.0,0.2895,10,1.0,7.194,1,0.0,0.0,0,1,1,1.0,655360,65536.0,1,0
benign_dd_copy_50x4k_1,0,dd_copy,ebpf+fuse,11469,0,0,72,0.0354,72,8.0,0.0,0.0,1.0,0.1111,0.0,0.0,0.2778,8,1.0,7.1449,1,0.0,0.0,0,1,1,1.0,524288,65536.0,1,0
benign_dd_copy_50x4k_2,0,dd_copy,ebpf+fuse,11489,0,0,72,0.0397,72,8.0,0.0,0.0,1.0,0.1111,0.0,0.0,0.2778,8,1.0,7.1823,1,0.0,0.0,0,1,1,1.0,524288,65536.0,1,0
benign_dd_copy_50x64k_1,0,dd_copy,ebpf+fuse,11509,0,0,156,0.1748,156,50.0,0.0,0.0,1.0,0.3205,0.0,0.0,0.3974,50,1.0,7.1738,1,0.0,0.0,0,1,1,1.0,3276800,65536.0,1,0
benign_dd_copy_50x64k_2,0,dd_copy,ebpf+fuse,11529,0,0,156,0.1055,156,50.0,0.0,0.0,1.0,0.3205,0.0,0.0,0.3974,50,1.0,7.17,1,0.0,0.0,0,1,1,1.0,3276800,65536.0,1,0
benign_find_chmod_10x4k_1,0,find_chmod,ebpf+fuse,10871,0,0,86,0.0385,86,0.0,0.0,0.0,0.0,0.0,0.0,0.0,0.2326,0,0.0,0.0,0,0.0,0.0,0,10,1,10.0,0,0.0,3,0
benign_find_chmod_10x4k_2,0,find_chmod,ebpf+fuse,10893,0,0,86,0.0357,86,0.0,0.0,0.0,0.0,0.0,0.0,0.0,0.2326,0,0.0,0.0,0,0.0,0.0,0,10,1,10.0,0,0.0,3,0
benign_find_chmod_10x64k_1,0,find_chmod,ebpf+fuse,10915,0,0,86,0.0557,86,0.0,0.0,0.0,0.0,0.0,0.0,0.0,0.2326,0,0.0,0.0,0,0.0,0.0,0,10,1,10.0,0,0.0,3,0
benign_find_chmod_10x64k_2,0,find_chmod,ebpf+fuse,10937,0,0,86,0.0505,86,0.0,0.0,0.0,0.0,0.0,0.0,0.0,0.2326,0,0.0,0.0,0,0.0,0.0,0,10,1,10.0,0,0.0,3,0
benign_find_chmod_50x4k_1,0,find_chmod,ebpf+fuse,10959,0,0,126,0.0646,126,0.0,0.0,0.0,0.0,0.0,0.0,0.0,0.1587,0,0.0,0.0,0,0.0,0.0,0,50,1,50.0,0,0.0,3,0
benign_find_chmod_50x4k_2,0,find_chmod,ebpf+fuse,10981,0,0,126,0.0675,126,0.0,0.0,0.0,0.0,0.0,0.0,0.0,0.1587,0,0.0,0.0,0,0.0,0.0,0,50,1,50.0,0,0.0,3,0
benign_find_chmod_50x64k_1,0,find_chmod,ebpf+fuse,11003,0,0,126,0.0641,126,0.0,0.0,0.0,0.0,0.0,0.0,0.0,0.1587,0,0.0,0.0,0,0.0,0.0,0,50,1,50.0,0,0.0,3,0
benign_find_chmod_50x64k_2,0,find_chmod,ebpf+fuse,11025,0,0,126,0.0696,126,0.0,0.0,0.0,0.0,0.0,0.0,0.0,0.1587,0,0.0,0.0,0,0.0,0.0,0,50,1,50.0,0,0.0,3,0
benign_gcc_compile_10x4k_1,0,gcc_compile,ebpf+fuse,12915,0,0,1399,1.1474,1399,135.0862,13.0729,0.0,33.1179,0.1108,0.0107,0.0,0.4889,0,0.0,2.5082,1,0.8516,0.0,0,26,3,8.6667,27508,177.47,36,0
benign_gcc_compile_10x4k_2,0,gcc_compile,ebpf+fuse,12970,0,0,1399,1.0367,1399,149.5153,14.4692,0.0,36.6554,0.1108,0.0107,0.0,0.4889,0,0.0,2.5082,1,0.8516,0.0,0,26,3,8.6667,27508,177.47,36,0
benign_gcc_compile_10x64k_1,0,gcc_compile,ebpf+fuse,13025,0,0,1399,0.8804,1399,155.0,15.0,0.0,38.0,0.1108,0.0107,0.0,0.4889,0,0.0,2.5082,1,0.8516,0.0,0,26,3,8.6667,27508,177.47,36,0
benign_gcc_compile_10x64k_2,0,gcc_compile,ebpf+fuse,13081,0,0,1399,0.9316,1399,155.0,15.0,0.0,38.0,0.1108,0.0107,0.0,0.4889,0,0.0,2.5082,1,0.8516,0.0,0,26,3,8.6667,27508,177.47,36,0
benign_gcc_compile_50x4k_1,0,gcc_compile,ebpf+fuse,13136,0,0,5150,4.022,5150,146.9426,13.6749,0.0,39.2841,0.1148,0.0107,0.0,0.4581,0,0.0,2.6209,1,0.8257,0.0,0,106,3,35.3333,107328,181.6,156,0
benign_gcc_compile_50x4k_2,0,gcc_compile,ebpf+fuse,13310,0,0,5150,4.1373,5150,142.848,13.2938,0.0,38.1895,0.1148,0.0107,0.0,0.4581,0,0.0,2.6209,1,0.8257,0.0,0,106,3,35.3333,107328,181.6,156,0
benign_gcc_compile_50x64k_1,0,gcc_compile,ebpf+fuse,13485,0,0,5150,4.1278,5150,143.1745,13.3242,0.0,38.2768,0.1148,0.0107,0.0,0.4581,0,0.0,2.6209,1,0.8257,0.0,0,106,3,35.3333,107328,181.6,156,0
benign_gcc_compile_50x64k_2,0,gcc_compile,ebpf+fuse,13660,0,0,5150,4.4359,5150,133.23,12.3987,0.0,35.6182,0.1148,0.0107,0.0,0.4581,0,0.0,2.6209,1,0.8257,0.0,0,106,3,35.3333,107328,181.6,156,0
benign_git_checkout_10x4k_1,0,git_checkout,ebpf+fuse,8712,0,0,747,0.774,747,70.0,15.0,22.0,63.0,0.0937,0.0201,0.0295,0.2825,0,0.0,4.1136,1,0.1571,0.7273,1,45,15,3.0,73506,1050.09,10,0
benign_git_checkout_10x4k_2,0,git_checkout,ebpf+fuse,8741,0,0,747,0.7094,747,70.0,15.0,22.0,63.0,0.0937,0.0201,0.0295,0.2825,0,0.0,4.1076,1,0.1571,0.7273,1,45,15,3.0,73506,1050.09,10,0
benign_git_checkout_10x64k_1,0,git_checkout,ebpf+fuse,8770,0,0,777,0.8515,777,110.0,15.0,22.0,63.0,0.1416,0.0193,0.0283,0.2587,0,0.0,4.212,1,0.0091,0.7273,1,45,15,3.0,688137,6255.79,10,0
benign_git_checkout_10x64k_2,0,git_checkout,ebpf+fuse,8798,0,0,777,0.9233,777,110.0,15.0,22.0,63.0,0.1416,0.0193,0.0283,0.2587,0,0.0,4.2113,1,0.0091,0.7273,1,45,15,3.0,688136,6255.78,10,0
benign_git_checkout_50x4k_1,0,git_checkout,ebpf+fuse,8827,0,0,1027,1.2603,1027,87.2792,43.6396,17.4558,81.7251,0.1071,0.0536,0.0214,0.2444,0,0.0,4.2069,1,0.4636,0.7273,1,85,15,5.6667,253736,2306.69,10,0
benign_git_checkout_50x4k_2,0,git_checkout,ebpf+fuse,8856,0,0,1027,1.2357,1027,89.0201,44.5101,17.804,83.3552,0.1071,0.0536,0.0214,0.2444,0,0.0,4.2099,1,0.4636,0.7273,1,85,15,5.6667,253737,2306.7,10,0
benign_git_checkout_50x64k_1,0,git_checkout,ebpf+fuse,8885,0,0,1174,1.6871,1174,183.7422,32.5994,13.0398,61.0498,0.2641,0.0468,0.0187,0.1704,0,0.0,4.3084,1,0.0032,0.7273,1,85,14,6.0714,3324765,10725.05,10,0
benign_git_checkout_50x64k_2,0,git_checkout,ebpf+fuse,8913,0,0,1177,1.2833,1177,241.5607,42.8575,17.143,80.2605,0.2634,0.0467,0.0187,0.1708,0,0.0,4.3083,1,0.0032,0.7273,1,85,15,5.6667,3324764,10725.05,10,0
benign_gpg_symmetric_10x4k_1,0,gpg_symmetric,ebpf+fuse,9633,0,0,460,8.024,460,3.7388,0.0,0.0,1.2463,0.0652,0.0,0.0,0.3717,0,0.0,3.5242,1,0.0,0.0,0,10,1,10.0,1624,54.13,11,0
benign_gpg_symmetric_10x4k_2,0,gpg_symmetric,ebpf+fuse,9675,0,0,460,3.2992,460,9.093,0.0,0.0,3.031,0.0652,0.0,0.0,0.3717,0,0.0,3.5148,1,0.0,0.0,0,10,1,10.0,1626,54.2,11,0
benign_gpg_symmetric_10x64k_1,0,gpg_symmetric,ebpf+fuse,9715,0,0,480,7.1971,480,4.1683,0.0,0.0,1.3894,0.0625,0.0,0.0,0.3979,10,0.3333,3.6946,1,0.0,0.0,0,10,1,10.0,3786,126.2,11,0
benign_gpg_symmetric_10x64k_2,0,gpg_symmetric,ebpf+fuse,9755,0,0,480,7.1861,480,4.1747,0.0,0.0,1.3916,0.0625,0.0,0.0,0.3979,10,0.3333,3.6833,1,0.0,0.0,0,10,1,10.0,3788,126.27,11,0
benign_gpg_symmetric_50x4k_1,0,gpg_symmetric,ebpf+fuse,9796,0,0,2100,34.1932,2100,4.3868,0.0,0.0,1.4623,0.0714,0.0,0.0,0.3862,0,0.0,3.527,1,0.0,0.0,0,50,1,50.0,8216,54.77,51,0
benign_gpg_symmetric_50x4k_2,0,gpg_symmetric,ebpf+fuse,9920,0,0,2100,34.6237,2100,4.3323,0.0,0.0,1.4441,0.0714,0.0,0.0,0.3862,0,0.0,3.5189,1,0.0,0.0,0,50,1,50.0,8211,54.74,51,0
benign_gpg_symmetric_50x64k_1,0,gpg_symmetric,ebpf+fuse,10044,0,0,2200,32.7285,2200,4.5832,0.0,0.0,1.5277,0.0682,0.0,0.0,0.4141,50,0.3333,3.6792,1,0.0,0.0,0,50,1,50.0,18972,126.48,51,0
benign_gpg_symmetric_50x64k_2,0,gpg_symmetric,ebpf+fuse,10171,0,0,2200,32.6102,2200,4.5998,0.0,0.0,1.5333,0.0682,0.0,0.0,0.4141,49,0.3267,3.6805,1,0.0,0.0,0,50,1,50.0,18944,126.29,51,0
benign_grep_recursive_10x4k_1,0,grep_recursive,ebpf+fuse,11917,0,0,115,0.0541,115,23.0,0.0,0.0,1.0,0.2,0.0,0.0,0.2348,0,0.0,0.0,0,0.0,0.0,0,1,1,1.0,92120,4005.22,2,0
benign_grep_recursive_10x4k_2,0,grep_recursive,ebpf+fuse,11938,0,0,115,0.0585,115,23.0,0.0,0.0,1.0,0.2,0.0,0.0,0.2348,0,0.0,0.0,0,0.0,0.0,0,1,1,1.0,92120,4005.22,2,0
benign_grep_recursive_10x64k_1,0,grep_recursive,ebpf+fuse,11958,0,0,447,0.3186,447,355.0,0.0,0.0,1.0,0.7942,0.0,0.0,0.0604,0,0.0,0.0,0,0.0,0.0,0,1,1,1.0,1451890,4089.83,2,0
benign_grep_recursive_10x64k_2,0,grep_recursive,ebpf+fuse,11979,0,0,447,0.3003,447,355.0,0.0,0.0,1.0,0.7942,0.0,0.0,0.0604,0,0.0,0.0,0,0.0,0.0,0,1,1,1.0,1451890,4089.83,2,0
benign_grep_recursive_50x4k_1,0,grep_recursive,ebpf+fuse,12000,0,0,285,0.1825,285,113.0,0.0,0.0,1.0,0.3965,0.0,0.0,0.2351,0,0.0,0.0,0,0.0,0.0,0,1,1,1.0,460600,4076.11,2,0
benign_grep_recursive_50x4k_2,0,grep_recursive,ebpf+fuse,12021,0,0,285,0.1786,285,113.0,0.0,0.0,1.0,0.3965,0.0,0.0,0.2351,0,0.0,0.0,0,0.0,0.0,0,1,1,1.0,460600,4076.11,2,0
benign_grep_recursive_50x64k_1,0,grep_recursive,ebpf+fuse,12042,0,0,1945,1.3186,1945,1344.5609,0.0,0.0,0.7584,0.9116,0.0,0.0,0.0344,0,0.0,0.0,0,0.0,0.0,0,1,1,1.0,7259450,4094.44,2,0
benign_grep_recursive_50x64k_2,0,grep_recursive,ebpf+fuse,12063,0,0,1945,1.2646,1945,1402.0737,0.0,0.0,0.7908,0.9116,0.0,0.0,0.0344,0,0.0,0.0,0,0.0,0.0,0,1,1,1.0,7259450,4094.44,2,0
benign_gzip_each_10x4k_1,0,gzip_each,ebpf+fuse,8206,0,0,119,0.1541,119,10.0,10.0,0.0,10.0,0.084,0.084,0.0,0.2017,0,0.0,5.8312,1,0.0,0.0,0,20,1,20.0,1120,112.0,2,0
benign_gzip_each_10x4k_2,0,gzip_each,ebpf+fuse,8231,0,0,119,0.1235,119,10.0,10.0,0.0,10.0,0.084,0.084,0.0,0.2017,0,0.0,5.8312,1,0.0,0.0,0,20,1,20.0,1120,112.0,2,0
benign_gzip_each_10x64k_1,0,gzip_each,ebpf+fuse,8252,0,0,129,0.1508,129,10.0,10.0,0.0,10.0,0.0775,0.0775,0.0,0.2636,0,0.0,4.9031,1,0.0,0.0,0,20,1,20.0,3250,325.0,2,0
benign_gzip_each_10x64k_2,0,gzip_each,ebpf+fuse,8274,0,0,129,0.2862,129,10.0,10.0,0.0,10.0,0.0775,0.0775,0.0,0.2636,0,0.0,4.9031,1,0.0,0.0,0,20,1,20.0,3250,325.0,2,0
benign_gzip_each_50x4k_1,0,gzip_each,ebpf+fuse,8295,0,0,359,0.3953,359,50.0,50.0,0.0,50.0,0.1393,0.1393,0.0,0.1783,0,0.0,5.8532,1,0.0,0.0,0,100,1,100.0,5600,112.0,2,0
benign_gzip_each_50x4k_2,0,gzip_each,ebpf+fuse,8318,0,0,359,0.4564,359,50.0,50.0,0.0,50.0,0.1393,0.1393,0.0,0.1783,0,0.0,5.8286,1,0.0,0.0,0,100,1,100.0,5600,112.0,2,0
benign_gzip_each_50x64k_1,0,gzip_each,ebpf+fuse,8339,0,0,409,0.4596,409,50.0,50.0,0.0,50.0,0.1222,0.1222,0.0,0.2787,0,0.0,4.9155,1,0.0,0.0,0,100,1,100.0,16250,325.0,2,0
benign_gzip_each_50x64k_2,0,gzip_each,ebpf+fuse,8360,0,0,409,0.4631,409,50.0,50.0,0.0,50.0,0.1222,0.1222,0.0,0.2787,0,0.0,4.9209,1,0.0,0.0,0,100,1,100.0,16250,325.0,2,0
benign_openssl_enc_10x4k_1,0,openssl_enc,ebpf+fuse,10303,0,0,610,0.4169,610,20.0,0.0,0.0,10.0,0.0328,0.0,0.0,0.182,10,0.5,6.7826,1,0.0,0.0,0,10,1,10.0,42080,2104.0,11,340
benign_openssl_enc_10x4k_2,0,openssl_enc,ebpf+fuse,10333,0,0,610,0.2699,610,20.0,0.0,0.0,10.0,0.0328,0.0,0.0,0.182,10,0.5,6.7984,1,0.0,0.0,0,10,1,10.0,42080,2104.0,11,340
benign_openssl_enc_10x64k_1,0,openssl_enc,ebpf+fuse,10363,0,0,840,0.3907,840,170.0,0.0,0.0,10.0,0.2024,0.0,0.0,0.2274,160,0.9412,7.1114,1,0.0,0.0,0,10,1,10.0,656160,3859.76,11,340
benign_openssl_enc_10x64k_2,0,openssl_enc,ebpf+fuse,10392,0,0,840,0.4737,840,170.0,0.0,0.0,10.0,0.2024,0.0,0.0,0.2274,160,0.9412,7.1029,1,0.0,0.0,0,10,1,10.0,656160,3859.76,11,340
benign_openssl_enc_50x4k_1,0,openssl_enc,ebpf+fuse,10422,0,0,2850,1.4283,2850,70.011,0.0,0.0,35.0055,0.0351,0.0,0.0,0.1793,50,0.5,6.7948,1,0.0,0.0,0,50,1,50.0,210400,2104.0,51,1700
benign_openssl_enc_50x4k_2,0,openssl_enc,ebpf+fuse,10491,0,0,2850,1.4174,2850,70.553,0.0,0.0,35.2765,0.0351,0.0,0.0,0.1793,50,0.5,6.7858,1,0.0,0.0,0,50,1,50.0,210400,2104.0,51,1700
benign_openssl_enc_50x64k_1,0,openssl_enc,ebpf+fuse,10562,0,0,4000,1.887,4000,450.4403,0.0,0.0,26.4965,0.2125,0.0,0.0,0.2278,799,0.94,7.1028,1,0.0,0.0,0,50,1,50.0,3280800,3859.76,51,1700
benign_openssl_enc_50x64k_2,0,openssl_enc,ebpf+fuse,10633,0,0,4000,2.1739,4000,391.0099,0.0,0.0,23.0006,0.2125,0.0,0.0,0.2278,799,0.94,7.1077,1,0.0,0.0,0,50,1,50.0,3280800,3859.76,51,1700
benign_random_write_10x4k_1,0,random_write,ebpf+fuse,8548,0,0,128,0.1141,128,10.0,0.0,0.0,10.0,0.0781,0.0,0.0,0.2734,10,1.0,7.1771,1,0.0,0.0,0,10,1,10.0,40960,4096.0,1,0
benign_random_write_10x4k_2,0,random_write,ebpf+fuse,8568,0,0,128,0.2508,128,10.0,0.0,0.0,10.0,0.0781,0.0,0.0,0.2734,10,1.0,7.1782,1,0.0,0.0,0,10,1,10.0,40960,4096.0,1,0
benign_random_write_10x64k_1,0,random_write,ebpf+fuse,8588,0,0,128,0.2053,128,10.0,0.0,0.0,10.0,0.0781,0.0,0.0,0.2734,10,1.0,7.1675,1,0.0,0.0,0,10,1,10.0,655360,65536.0,1,0
benign_random_write_10x64k_2,0,random_write,ebpf+fuse,8608,0,0,128,0.1215,128,10.0,0.0,0.0,10.0,0.0781,0.0,0.0,0.2734,10,1.0,7.1895,1,0.0,0.0,0,10,1,10.0,655360,65536.0,1,0
benign_random_write_50x4k_1,0,random_write,ebpf+fuse,8629,0,0,208,0.2345,208,50.0,0.0,0.0,50.0,0.2404,0.0,0.0,0.1683,50,1.0,7.1687,1,0.0,0.0,0,50,1,50.0,204800,4096.0,1,0
benign_random_write_50x4k_2,0,random_write,ebpf+fuse,8652,0,0,208,0.4255,208,50.0,0.0,0.0,50.0,0.2404,0.0,0.0,0.1683,50,1.0,7.182,1,0.0,0.0,0,50,1,50.0,204800,4096.0,1,0
benign_random_write_50x64k_1,0,random_write,ebpf+fuse,8672,0,0,208,0.2468,208,50.0,0.0,0.0,50.0,0.2404,0.0,0.0,0.1683,50,1.0,7.1772,1,0.0,0.0,0,50,1,50.0,3276800,65536.0,1,0
benign_random_write_50x64k_2,0,random_write,ebpf+fuse,8692,0,0,208,0.2553,208,50.0,0.0,0.0,50.0,0.2404,0.0,0.0,0.1683,50,1.0,7.1745,1,0.0,0.0,0,50,1,50.0,3276800,65536.0,1,0
benign_read_all_10x4k_1,0,read_all,ebpf+fuse,7503,0,0,107,0.0811,107,10.0,0.0,0.0,1.0,0.0935,0.0,0.0,0.2804,0,0.0,0.0,0,0.0,0.0,0,1,1,1.0,41830,4183.0,3,0
benign_read_all_10x4k_2,0,read_all,ebpf+fuse,7525,0,0,107,0.0659,107,10.0,0.0,0.0,1.0,0.0935,0.0,0.0,0.2804,0,0.0,0.0,0,0.0,0.0,0,1,1,1.0,41830,4183.0,3,0
benign_read_all_10x64k_1,0,read_all,ebpf+fuse,7547,0,0,107,0.1122,107,10.0,0.0,0.0,1.0,0.0935,0.0,0.0,0.2804,0,0.0,0.0,0,0.0,0.0,0,1,1,1.0,655930,65593.0,3,0
benign_read_all_10x64k_2,0,read_all,ebpf+fuse,7570,0,0,107,0.0646,107,10.0,0.0,0.0,1.0,0.0935,0.0,0.0,0.2804,0,0.0,0.0,0,0.0,0.0,0,1,1,1.0,655930,65593.0,3,0
benign_read_all_50x4k_1,0,read_all,ebpf+fuse,7592,0,0,227,0.1626,227,50.0,0.0,0.0,1.0,0.2203,0.0,0.0,0.3084,0,0.0,0.0,0,0.0,0.0,0,1,1,1.0,209150,4183.0,3,0
benign_read_all_50x4k_2,0,read_all,ebpf+fuse,7614,0,0,227,0.1484,227,50.0,0.0,0.0,1.0,0.2203,0.0,0.0,0.3084,0,0.0,0.0,0,0.0,0.0,0,1,1,1.0,209150,4183.0,3,0
benign_read_all_50x64k_1,0,read_all,ebpf+fuse,7636,0,0,227,0.1512,227,50.0,0.0,0.0,1.0,0.2203,0.0,0.0,0.3084,0,0.0,0.0,0,0.0,0.0,0,1,1,1.0,3279650,65593.0,3,0
benign_read_all_50x64k_2,0,read_all,ebpf+fuse,7658,0,0,227,0.1822,227,50.0,0.0,0.0,1.0,0.2203,0.0,0.0,0.3084,0,0.0,0.0,0,0.0,0.0,0,1,1,1.0,3279650,65593.0,3,0
benign_rename_ext_10x4k_1,0,rename_ext,ebpf+fuse,6920,0,0,250,0.1229,250,0.0,0.0,10.0,0.0,0.0,0.0,0.04,0.364,0,0.0,0.0,0,0.0,1.0,1,10,1,10.0,0,0.0,11,0
benign_rename_ext_10x4k_2,0,rename_ext,ebpf+fuse,6951,0,0,250,0.1196,250,0.0,0.0,10.0,0.0,0.0,0.0,0.04,0.364,0,0.0,0.0,0,0.0,1.0,1,10,1,10.0,0,0.0,11,0
benign_rename_ext_10x64k_1,0,rename_ext,ebpf+fuse,6983,0,0,250,0.1311,250,0.0,0.0,10.0,0.0,0.0,0.0,0.04,0.364,0,0.0,0.0,0,0.0,1.0,1,10,1,10.0,0,0.0,11,0
benign_rename_ext_10x64k_2,0,rename_ext,ebpf+fuse,7013,0,0,250,0.121,250,0.0,0.0,10.0,0.0,0.0,0.0,0.04,0.364,0,0.0,0.0,0,0.0,1.0,1,10,1,10.0,0,0.0,11,0
benign_rename_ext_50x4k_1,0,rename_ext,ebpf+fuse,7043,0,0,1050,0.5868,1050,0.0,0.0,50.0,0.0,0.0,0.0,0.0476,0.3914,0,0.0,0.0,0,0.0,1.0,1,50,1,50.0,0,0.0,51,0
benign_rename_ext_50x4k_2,0,rename_ext,ebpf+fuse,7113,0,0,1050,0.5612,1050,0.0,0.0,50.0,0.0,0.0,0.0,0.0476,0.3914,0,0.0,0.0,0,0.0,1.0,1,50,1,50.0,0,0.0,51,0
benign_rename_ext_50x64k_1,0,rename_ext,ebpf+fuse,7183,0,0,1050,0.5234,1050,0.0,0.0,50.0,0.0,0.0,0.0,0.0476,0.3914,0,0.0,0.0,0,0.0,1.0,1,50,1,50.0,0,0.0,51,0
benign_rename_ext_50x64k_2,0,rename_ext,ebpf+fuse,7255,0,0,1050,0.5197,1050,0.0,0.0,50.0,0.0,0.0,0.0,0.0476,0.3914,0,0.0,0.0,0,0.0,1.0,1,50,1,50.0,0,0.0,51,0
benign_rsync_mirror_10x4k_1,0,rsync_mirror,ebpf+fuse,11208,0,0,164,0.1512,164,10.0,0.0,10.0,10.0,0.061,0.0,0.061,0.2561,0,0.0,4.3701,1,0.0,1.0,1,11,2,5.5,41830,4183.0,3,0
benign_rsync_mirror_10x4k_2,0,rsync_mirror,ebpf+fuse,11231,0,0,164,0.1664,164,10.0,0.0,10.0,10.0,0.061,0.0,0.061,0.2561,0,0.0,4.3701,1,0.0,1.0,1,11,2,5.5,41830,4183.0,3,0
benign_rsync_mirror_10x64k_1,0,rsync_mirror,ebpf+fuse,11253,0,0,164,0.1506,164,10.0,0.0,10.0,10.0,0.061,0.0,0.061,0.2561,0,0.0,4.3701,1,0.0,1.0,1,11,2,5.5,655930,65593.0,3,0
benign_rsync_mirror_10x64k_2,0,rsync_mirror,ebpf+fuse,11275,0,0,164,0.153,164,10.0,0.0,10.0,10.0,0.061,0.0,0.061,0.2561,0,0.0,4.3701,1,0.0,1.0,1,11,2,5.5,655930,65593.0,3,0
benign_rsync_mirror_50x4k_1,0,rsync_mirror,ebpf+fuse,11296,0,0,444,0.4388,444,50.0,0.0,50.0,50.0,0.1126,0.0,0.1126,0.1847,0,0.0,4.3701,1,0.0,1.0,1,51,2,25.5,209150,4183.0,3,0
benign_rsync_mirror_50x4k_2,0,rsync_mirror,ebpf+fuse,11317,0,0,444,0.708,444,50.0,0.0,50.0,50.0,0.1126,0.0,0.1126,0.1847,0,0.0,4.3701,1,0.0,1.0,1,51,2,25.5,209150,4183.0,3,0
benign_rsync_mirror_50x64k_1,0,rsync_mirror,ebpf+fuse,11339,0,0,444,0.4199,444,50.0,0.0,50.0,50.0,0.1126,0.0,0.1126,0.1847,0,0.0,4.3701,1,0.0,1.0,1,51,2,25.5,3279650,65593.0,3,0
benign_rsync_mirror_50x64k_2,0,rsync_mirror,ebpf+fuse,11361,0,0,444,0.3861,444,50.0,0.0,50.0,50.0,0.1126,0.0,0.1126,0.1847,0,0.0,4.3701,1,0.0,1.0,1,51,2,25.5,3279650,65593.0,3,0
benign_sed_inplace_10x4k_1,0,sed_inplace,ebpf+fuse,7325,0,0,165,0.1928,165,20.0,0.0,10.0,10.0,0.1212,0.0,0.0606,0.2667,0,0.0,4.2951,1,0.0,1.0,1,10,1,10.0,41830,2091.5,3,0
benign_sed_inplace_10x4k_2,0,sed_inplace,ebpf+fuse,7348,0,0,165,0.1643,165,20.0,0.0,10.0,10.0,0.1212,0.0,0.0606,0.2667,0,0.0,4.2951,1,0.0,1.0,1,10,1,10.0,41830,2091.5,3,0
benign_sed_inplace_10x64k_1,0,sed_inplace,ebpf+fuse,7370,0,0,465,0.2884,465,170.0,0.0,10.0,10.0,0.3656,0.0,0.0215,0.4172,0,0.0,4.2934,1,0.0,1.0,1,10,1,10.0,655930,3858.41,3,0
benign_sed_inplace_10x64k_2,0,sed_inplace,ebpf+fuse,7393,0,0,465,0.2663,465,170.0,0.0,10.0,10.0,0.3656,0.0,0.0215,0.4172,0,0.0,4.2934,1,0.0,1.0,1,10,1,10.0,655930,3858.41,3,0
benign_sed_inplace_50x4k_1,0,sed_inplace,ebpf+fuse,7415,0,0,485,0.5652,485,100.0,0.0,50.0,50.0,0.2062,0.0,0.1031,0.2557,0,0.0,4.2951,1,0.0,1.0,1,50,1,50.0,209150,2091.5,3,0
benign_sed_inplace_50x4k_2,0,sed_inplace,ebpf+fuse,7437,0,0,485,0.494,485,100.0,0.0,50.0,50.0,0.2062,0.0,0.1031,0.2557,0,0.0,4.2951,1,0.0,1.0,1,50,1,50.0,209150,2091.5,3,0
benign_sed_inplace_50x64k_1,0,sed_inplace,ebpf+fuse,7459,0,0,1985,1.1071,1985,767.7685,0.0,45.1629,45.1629,0.4282,0.0,0.0252,0.4403,0,0.0,4.2934,1,0.0,1.0,1,50,1,50.0,3279650,3858.41,3,0
benign_sed_inplace_50x64k_2,0,sed_inplace,ebpf+fuse,7481,0,0,1985,1.115,1985,762.3041,0.0,44.8414,44.8414,0.4282,0.0,0.0252,0.4403,0,0.0,4.2934,1,0.0,1.0,1,50,1,50.0,3279650,3858.41,3,0
benign_sha256_all_10x4k_1,0,sha256_all,ebpf+fuse,11740,0,0,109,0.0971,109,10.0,0.0,0.0,1.0,0.0917,0.0,0.0,0.2844,0,0.0,0.0,0,0.0,0.0,0,1,1,1.0,1530,153.0,3,0
benign_sha256_all_10x4k_2,0,sha256_all,ebpf+fuse,11761,0,0,109,0.0881,109,10.0,0.0,0.0,1.0,0.0917,0.0,0.0,0.2844,0,0.0,0.0,0,0.0,0.0,0,1,1,1.0,1530,153.0,3,0
benign_sha256_all_10x64k_1,0,sha256_all,ebpf+fuse,11783,0,0,129,0.1159,129,10.0,0.0,0.0,1.0,0.0775,0.0,0.0,0.3953,0,0.0,0.0,0,0.0,0.0,0,1,1,1.0,1540,154.0,3,0
benign_sha256_all_10x64k_2,0,sha256_all,ebpf+fuse,11805,0,0,129,0.0936,129,10.0,0.0,0.0,1.0,0.0775,0.0,0.0,0.3953,0,0.0,0.0,0,0.0,0.0,0,1,1,1.0,1540,154.0,3,0
benign_sha256_all_50x4k_1,0,sha256_all,ebpf+fuse,11826,0,0,229,0.1884,229,50.0,0.0,0.0,1.0,0.2183,0.0,0.0,0.31,0,0.0,0.0,0,0.0,0.0,0,1,1,1.0,7650,153.0,3,0
benign_sha256_all_50x4k_2,0,sha256_all,ebpf+fuse,11848,0,0,229,0.1456,229,50.0,0.0,0.0,1.0,0.2183,0.0,0.0,0.31,0,0.0,0.0,0,0.0,0.0,0,1,1,1.0,7650,153.0,3,0
benign_sha256_all_50x64k_1,0,sha256_all,ebpf+fuse,11869,0,0,329,0.1486,329,50.0,0.0,0.0,1.0,0.152,0.0,0.0,0.5198,0,0.0,0.0,0,0.0,0.0,0,1,1,1.0,7700,154.0,3,0
benign_sha256_all_50x64k_2,0,sha256_all,ebpf+fuse,11894,0,0,329,0.1721,329,50.0,0.0,0.0,1.0,0.152,0.0,0.0,0.5198,0,0.0,0.0,0,0.0,0.0,0,1,1,1.0,7700,154.0,3,0
benign_shred_delete_10x4k_1,0,shred_delete,ebpf+fuse,10703,0,0,243,0.1362,243,10.0,10.0,130.0,0.0,0.0412,0.0412,0.535,0.0617,10,1.0,7.1698,1,0.0,0.0769,1,23,1,23.0,81920,8192.0,2,0
benign_shred_delete_10x4k_2,0,shred_delete,ebpf+fuse,10724,0,0,243,0.161,243,10.0,10.0,130.0,0.0,0.0412,0.0412,0.535,0.0617,10,1.0,7.1683,1,0.0,0.0769,1,23,1,23.0,81920,8192.0,2,0
benign_shred_delete_10x64k_1,0,shred_delete,ebpf+fuse,10744,0,0,253,0.1732,253,20.0,10.0,130.0,0.0,0.0791,0.0395,0.5138,0.0593,20,1.0,7.1741,1,0.0,0.0769,1,23,1,23.0,696320,34816.0,2,0
benign_shred_delete_10x64k_2,0,shred_delete,ebpf+fuse,10766,0,0,253,0.1209,253,20.0,10.0,130.0,0.0,0.0791,0.0395,0.5138,0.0593,20,1.0,7.1756,1,0.0,0.0769,1,23,1,23.0,696320,34816.0,2,0
benign_shred_delete_50x4k_1,0,shred_delete,ebpf+fuse,10787,0,0,963,0.7192,963,50.0,50.0,650.0,0.0,0.0519,0.0519,0.675,0.0156,50,1.0,7.1656,1,0.0,0.0769,1,63,1,63.0,409600,8192.0,2,0
benign_shred_delete_50x4k_2,0,shred_delete,ebpf+fuse,10808,0,0,963,0.6796,963,50.0,50.0,650.0,0.0,0.0519,0.0519,0.675,0.0156,50,1.0,7.1819,1,0.0,0.0769,1,63,1,63.0,409600,8192.0,2,0
benign_shred_delete_50x64k_1,0,shred_delete,ebpf+fuse,10829,0,0,1013,0.7312,1013,100.0,50.0,650.0,0.0,0.0987,0.0494,0.6417,0.0148,100,1.0,7.1741,1,0.0,0.0769,1,63,1,63.0,3481600,34816.0,2,0
benign_shred_delete_50x64k_2,0,shred_delete,ebpf+fuse,10850,0,0,1013,0.751,1013,100.0,50.0,650.0,0.0,0.0987,0.0494,0.6417,0.0148,100,1.0,7.1777,1,0.0,0.0769,1,63,1,63.0,3481600,34816.0,2,0
benign_sort_large_10x4k_1,0,sort_large,ebpf+fuse,12083,0,0,102,0.0384,102,11.0,0.0,0.0,1.0,0.1078,0.0,0.0,0.2745,0,0.0,4.3734,1,0.0,0.0,0,1,1,1.0,41830,3802.73,3,0
benign_sort_large_10x4k_2,0,sort_large,ebpf+fuse,12105,0,0,102,0.0454,102,11.0,0.0,0.0,1.0,0.1078,0.0,0.0,0.2745,0,0.0,4.3734,1,0.0,0.0,0,1,1,1.0,41830,3802.73,3,0
benign_sort_large_10x64k_1,0,sort_large,ebpf+fuse,12127,0,0,252,0.1965,252,161.0,0.0,0.0,1.0,0.6389,0.0,0.0,0.1111,0,0.0,4.3772,1,0.0,0.0,0,1,1,1.0,655930,4074.1,3,0
benign_sort_large_10x64k_2,0,sort_large,ebpf+fuse,12149,0,0,252,0.1366,252,161.0,0.0,0.0,1.0,0.6389,0.0,0.0,0.1111,0,0.0,4.3772,1,0.0,0.0,0,1,1,1.0,655930,4074.1,3,0
benign_sort_large_50x4k_1,0,sort_large,ebpf+fuse,12171,0,0,223,0.1345,223,52.0,0.0,0.0,1.0,0.2332,0.0,0.0,0.3049,0,0.0,4.3777,1,0.0,0.0,0,1,1,1.0,209150,4022.12,3,0
benign_sort_large_50x4k_2,0,sort_large,ebpf+fuse,12193,0,0,223,0.1402,223,52.0,0.0,0.0,1.0,0.2332,0.0,0.0,0.3049,0,0.0,4.3777,1,0.0,0.0,0,1,1,1.0,209150,4022.12,3,0
benign_sort_large_50x64k_1,0,sort_large,ebpf+fuse,12215,0,0,972,0.7191,972,801.0,0.0,0.0,1.0,0.8241,0.0,0.0,0.07,0,0.0,4.3771,1,0.0,0.0,0,1,1,1.0,3279650,4094.44,3,0
benign_sort_large_50x64k_2,0,sort_large,ebpf+fuse,12237,0,0,972,0.525,972,801.0,0.0,0.0,1.0,0.8241,0.0,0.0,0.07,0,0.0,4.3771,1,0.0,0.0,0,1,1,1.0,3279650,4094.44,3,0
benign_split_join_10x4k_1,0,split_join,ebpf+fuse,11550,0,0,158,0.1028,158,32.0,0.0,0.0,17.0,0.2025,0.0,0.0,0.2595,16,1.0,7.1865,1,0.0,0.0,0,17,2,8.5,2097152,65536.0,3,0
benign_split_join_10x4k_2,0,split_join,ebpf+fuse,11573,0,0,158,0.0913,158,32.0,0.0,0.0,17.0,0.2025,0.0,0.0,0.2595,16,1.0,7.1823,1,0.0,0.0,0,17,2,8.5,2097152,65536.0,3,0
benign_split_join_10x64k_1,0,split_join,ebpf+fuse,11597,0,0,158,0.1203,158,32.0,0.0,0.0,17.0,0.2025,0.0,0.0,0.2595,16,1.0,7.1623,1,0.0,0.0,0,17,2,8.5,2097152,65536.0,3,0
benign_split_join_10x64k_2,0,split_join,ebpf+fuse,11630,0,0,158,0.0897,158,32.0,0.0,0.0,17.0,0.2025,0.0,0.0,0.2595,16,1.0,7.1641,1,0.0,0.0,0,17,2,8.5,2097152,65536.0,3,0
benign_split_join_50x4k_1,0,split_join,ebpf+fuse,11651,0,0,158,0.1581,158,32.0,0.0,0.0,17.0,0.2025,0.0,0.0,0.2595,16,1.0,7.1812,1,0.0,0.0,0,17,2,8.5,2097152,65536.0,3,0
benign_split_join_50x4k_2,0,split_join,ebpf+fuse,11673,0,0,158,0.1696,158,32.0,0.0,0.0,17.0,0.2025,0.0,0.0,0.2595,16,1.0,7.1505,1,0.0,0.0,0,17,2,8.5,2097152,65536.0,3,0
benign_split_join_50x64k_1,0,split_join,ebpf+fuse,11695,0,0,345,0.3224,345,100.0,0.0,0.0,51.0,0.2899,0.0,0.0,0.2667,50,1.0,7.157,1,0.0,0.0,0,51,2,25.5,6553600,65536.0,3,0
benign_split_join_50x64k_2,0,split_join,ebpf+fuse,11717,0,0,345,0.383,345,100.0,0.0,0.0,51.0,0.2899,0.0,0.0,0.2667,50,1.0,7.162,1,0.0,0.0,0,51,2,25.5,6553600,65536.0,3,0
benign_sqlite_bulk_10x4k_1,0,sqlite_bulk,ebpf+fuse,8943,0,0,919,0.8069,919,776.0,4.0,0.0,5.0,0.8444,0.0044,0.0,0.049,0,0.0,1.6269,1,0.3492,0.0,0,2,1,2.0,1797464,2316.32,1,0
benign_sqlite_bulk_10x4k_2,0,sqlite_bulk,ebpf+fuse,8963,0,0,919,0.8887,919,776.0,4.0,0.0,5.0,0.8444,0.0044,0.0,0.049,0,0.0,1.6269,1,0.3492,0.0,0,2,1,2.0,1797464,2316.32,1,0
benign_sqlite_bulk_10x64k_1,0,sqlite_bulk,ebpf+fuse,8983,0,0,919,0.8042,919,776.0,4.0,0.0,5.0,0.8444,0.0044,0.0,0.049,0,0.0,1.623,1,0.3492,0.0,0,2,1,2.0,1797464,2316.32,1,0
benign_sqlite_bulk_10x64k_2,0,sqlite_bulk,ebpf+fuse,9003,0,0,919,0.7725,919,776.0,4.0,0.0,5.0,0.8444,0.0044,0.0,0.049,0,0.0,1.6269,1,0.3492,0.0,0,2,1,2.0,1797464,2316.32,1,0
benign_sqlite_bulk_50x4k_1,0,sqlite_bulk,ebpf+fuse,9023,0,0,4384,3.1429,4384,1187.1237,1.2727,0.0,1.5909,0.851,0.0009,0.0,0.1266,0,0.0,1.6915,1,0.3554,0.0,0,2,1,2.0,8713520,2335.44,1,0
benign_sqlite_bulk_50x4k_2,0,sqlite_bulk,ebpf+fuse,9043,0,0,4384,3.2592,4384,1144.7582,1.2273,0.0,1.5341,0.851,0.0009,0.0,0.1266,0,0.0,1.6915,1,0.3554,0.0,0,2,1,2.0,8713520,2335.44,1,0
benign_sqlite_bulk_50x64k_1,0,sqlite_bulk,ebpf+fuse,9064,0,0,4384,3.0429,4384,1226.1161,1.3145,0.0,1.6431,0.851,0.0009,0.0,0.1266,0,0.0,1.6915,1,0.3554,0.0,0,2,1,2.0,8713520,2335.44,1,0
benign_sqlite_bulk_50x64k_2,0,sqlite_bulk,ebpf+fuse,9084,0,0,4384,3.3305,4384,1120.2385,1.201,0.0,1.5013,0.851,0.0009,0.0,0.1266,0,0.0,1.6851,1,0.3554,0.0,0,2,1,2.0,8713520,2335.44,1,0
benign_tar_create_10x4k_1,0,tar_create,ebpf+fuse,7680,0,0,103,0.0612,103,6.0,0.0,0.0,1.0,0.0583,0.0,0.0,0.3301,0,0.0,2.8726,1,0.0,0.0,0,1,1,1.0,61440,10240.0,1,0
benign_tar_create_10x4k_2,0,tar_create,ebpf+fuse,7700,0,0,103,0.0595,103,6.0,0.0,0.0,1.0,0.0583,0.0,0.0,0.3301,0,0.0,2.8723,1,0.0,0.0,0,1,1,1.0,61440,10240.0,1,0
benign_tar_create_10x64k_1,0,tar_create,ebpf+fuse,7720,0,0,223,0.1257,223,66.0,0.0,0.0,1.0,0.296,0.0,0.0,0.4215,0,0.0,4.2074,1,0.0,0.0,0,1,1,1.0,675840,10240.0,1,0
benign_tar_create_10x64k_2,0,tar_create,ebpf+fuse,7740,0,0,223,0.1309,223,66.0,0.0,0.0,1.0,0.296,0.0,0.0,0.4215,0,0.0,4.2078,1,0.0,0.0,0,1,1,1.0,675840,10240.0,1,0
benign_tar_create_50x4k_1,0,tar_create,ebpf+fuse,7760,0,0,223,0.1592,223,26.0,0.0,0.0,1.0,0.1166,0.0,0.0,0.4215,0,0.0,2.9715,1,0.0,0.0,0,1,1,1.0,266240,10240.0,1,0
benign_tar_create_50x4k_2,0,tar_create,ebpf+fuse,7780,0,0,223,0.1958,223,26.0,0.0,0.0,1.0,0.1166,0.0,0.0,0.4215,0,0.0,2.9717,1,0.0,0.0,0,1,1,1.0,266240,10240.0,1,0
benign_tar_create_50x64k_1,0,tar_create,ebpf+fuse,7801,0,0,823,0.4983,823,326.0,0.0,0.0,1.0,0.3961,0.0,0.0,0.4787,0,0.0,4.2357,1,0.0,0.0,0,1,1,1.0,3338240,10240.0,1,0
benign_tar_create_50x64k_2,0,tar_create,ebpf+fuse,7821,0,0,823,0.5111,823,326.0,0.0,0.0,1.0,0.3961,0.0,0.0,0.4787,0,0.0,4.2356,1,0.0,0.0,0,1,1,1.0,3338240,10240.0,1,0
benign_tar_extract_10x4k_1,0,tar_extract,ebpf+fuse,8025,0,0,102,0.0756,102,15.0,0.0,0.0,10.0,0.1471,0.0,0.0,0.2451,0,0.0,4.3711,1,0.0,0.0,0,11,2,5.5,41830,2788.67,1,0
benign_tar_extract_10x4k_2,0,tar_extract,ebpf+fuse,8047,0,0,102,0.0944,102,15.0,0.0,0.0,10.0,0.1471,0.0,0.0,0.2451,0,0.0,4.3711,1,0.0,0.0,0,11,2,5.5,41830,2788.67,1,0
benign_tar_extract_10x64k_1,0,tar_extract,ebpf+fuse,8070,0,0,222,0.145,222,75.0,0.0,0.0,10.0,0.3378,0.0,0.0,0.3829,0,0.0,4.3726,1,0.0,0.0,0,11,2,5.5,655930,8745.73,1,0
benign_tar_extract_10x64k_2,0,tar_extract,ebpf+fuse,8092,0,0,222,0.1658,222,75.0,0.0,0.0,10.0,0.3378,0.0,0.0,0.3829,0,0.0,4.3726,1,0.0,0.0,0,11,2,5.5,655930,8745.73,1,0
benign_tar_extract_50x4k_1,0,tar_extract,ebpf+fuse,8114,0,0,222,0.1943,222,75.0,0.0,0.0,50.0,0.3378,0.0,0.0,0.2027,0,0.0,4.3711,1,0.0,0.0,0,51,2,25.5,209150,2788.67,1,0
benign_tar_extract_50x4k_2,0,tar_extract,ebpf+fuse,8136,0,0,222,0.1805,222,75.0,0.0,0.0,50.0,0.3378,0.0,0.0,0.2027,0,0.0,4.3711,1,0.0,0.0,0,51,2,25.5,209150,2788.67,1,0
benign_tar_extract_50x64k_1,0,tar_extract,ebpf+fuse,8159,0,0,822,0.547,822,375.0,0.0,0.0,50.0,0.4562,0.0,0.0,0.4197,0,0.0,4.3726,1,0.0,0.0,0,51,2,25.5,3279650,8745.73,1,0
benign_tar_extract_50x64k_2,0,tar_extract,ebpf+fuse,8181,0,0,822,0.7332,822,375.0,0.0,0.0,50.0,0.4562,0.0,0.0,0.4197,0,0.0,4.3726,1,0.0,0.0,0,51,2,25.5,3279650,8745.73,1,0
benign_tar_gzip_10x4k_1,0,tar_gzip,ebpf+fuse,7841,0,0,114,0.0585,114,1.0,0.0,0.0,1.0,0.0088,0.0,0.0,0.3509,0,0.0,0.0,0,0.0,0.0,0,1,1,1.0,550,550.0,3,0
benign_tar_gzip_10x4k_2,0,tar_gzip,ebpf+fuse,7864,0,0,114,0.0616,114,1.0,0.0,0.0,1.0,0.0088,0.0,0.0,0.3509,0,0.0,0.0,0,0.0,0.0,0,1,1,1.0,550,550.0,3,0
benign_tar_gzip_10x64k_1,0,tar_gzip,ebpf+fuse,7887,0,0,174,0.0781,174,1.0,0.0,0.0,1.0,0.0057,0.0,0.0,0.5747,0,0.0,0.0,0,0.0,0.0,0,1,1,1.0,3115,3115.0,3,0
benign_tar_gzip_10x64k_2,0,tar_gzip,ebpf+fuse,7909,0,0,174,0.1024,174,1.0,0.0,0.0,1.0,0.0057,0.0,0.0,0.5747,0,0.0,0.0,0,0.0,0.0,0,1,1,1.0,3128,3128.0,3,0
benign_tar_gzip_50x4k_1,0,tar_gzip,ebpf+fuse,7931,0,0,214,0.1786,214,1.0,0.0,0.0,1.0,0.0047,0.0,0.0,0.4673,0,0.0,0.0,0,0.0,0.0,0,1,1,1.0,1868,1868.0,3,0
benign_tar_gzip_50x4k_2,0,tar_gzip,ebpf+fuse,7956,0,0,214,0.2082,214,1.0,0.0,0.0,1.0,0.0047,0.0,0.0,0.4673,0,0.0,0.0,0,0.0,0.0,0,1,1,1.0,1869,1869.0,3,0
benign_tar_gzip_50x64k_1,0,tar_gzip,ebpf+fuse,7978,0,0,514,0.214,514,1.0,0.0,0.0,1.0,0.0019,0.0,0.0,0.7782,0,0.0,0.0,0,0.0,0.0,0,1,1,1.0,14974,14974.0,3,0
benign_tar_gzip_50x64k_2,0,tar_gzip,ebpf+fuse,8001,0,0,514,0.2504,514,1.0,0.0,0.0,1.0,0.0019,0.0,0.0,0.7782,0,0.0,0.0,0,0.0,0.0,0,1,1,1.0,14990,14990.0,3,0
benign_xz_each_10x4k_1,0,xz_each,ebpf+fuse,9279,0,0,125,0.219,125,10.0,10.0,0.0,10.0,0.08,0.08,0.0,0.208,0,0.0,6.131,1,0.0,0.0,0,20,1,20.0,1360,136.0,2,0
benign_xz_each_10x4k_2,0,xz_each,ebpf+fuse,9300,0,0,125,0.1863,125,10.0,10.0,0.0,10.0,0.08,0.08,0.0,0.208,0,0.0,6.131,1,0.0,0.0,0,20,1,20.0,1360,136.0,2,0
benign_xz_each_10x64k_1,0,xz_each,ebpf+fuse,9322,0,0,205,0.2347,205,10.0,10.0,0.0,10.0,0.0488,0.0488,0.0,0.5171,0,0.0,6.5586,1,0.0,0.0,0,20,1,20.0,1880,188.0,2,0
benign_xz_each_10x64k_2,0,xz_each,ebpf+fuse,9343,0,0,205,0.2385,205,10.0,10.0,0.0,10.0,0.0488,0.0488,0.0,0.5171,0,0.0,6.5586,1,0.0,0.0,0,20,1,20.0,1880,188.0,2,0
benign_xz_each_50x4k_1,0,xz_each,ebpf+fuse,9364,0,0,365,0.6436,365,50.0,50.0,0.0,50.0,0.137,0.137,0.0,0.1808,0,0.0,6.131,1,0.0,0.0,0,100,1,100.0,6800,136.0,2,0
benign_xz_each_50x4k_2,0,xz_each,ebpf+fuse,9384,0,0,365,0.6295,365,50.0,50.0,0.0,50.0,0.137,0.137,0.0,0.1808,0,0.0,6.131,1,0.0,0.0,0,100,1,100.0,6800,136.0,2,0
benign_xz_each_50x64k_1,0,xz_each,ebpf+fuse,9407,0,0,765,0.8938,765,50.0,50.0,0.0,50.0,0.0654,0.0654,0.0,0.6092,0,0.0,6.5586,1,0.0,0.0,0,100,1,100.0,9400,188.0,2,0
benign_xz_each_50x64k_2,0,xz_each,ebpf+fuse,9428,0,0,765,0.84,765,50.0,50.0,0.0,50.0,0.0654,0.0654,0.0,0.6092,0,0.0,6.5586,1,0.0,0.0,0,100,1,100.0,9400,188.0,2,0
benign_zip_archive_10x4k_1,0,zip_archive,ebpf+fuse,8381,0,0,112,0.1888,112,21.0,1.0,1.0,2.0,0.1875,0.0089,0.0089,0.25,0,0.0,5.1598,1,0.0,1.0,1,2,1,2.0,3072,146.29,2,0
benign_zip_archive_10x4k_2,0,zip_archive,ebpf+fuse,8402,0,0,112,0.1456,112,21.0,1.0,1.0,2.0,0.1875,0.0089,0.0089,0.25,0,0.0,5.1622,1,0.0,1.0,1,2,1,2.0,3072,146.29,2,0
benign_zip_archive_10x64k_1,0,zip_archive,ebpf+fuse,8423,0,0,122,0.0857,122,21.0,1.0,1.0,2.0,0.1721,0.0082,0.0082,0.3115,0,0.0,5.0583,1,0.0,1.0,1,2,1,2.0,5202,247.71,2,0
benign_zip_archive_10x64k_2,0,zip_archive,ebpf+fuse,8444,0,0,122,0.0914,122,21.0,1.0,1.0,2.0,0.1721,0.0082,0.0082,0.3115,0,0.0,5.0394,1,0.0,1.0,1,2,1,2.0,5202,247.71,2,0
benign_zip_archive_50x4k_1,0,zip_archive,ebpf+fuse,8465,0,0,272,0.2044,272,101.0,1.0,1.0,2.0,0.3713,0.0037,0.0037,0.25,0,0.0,5.152,1,0.0,1.0,1,2,1,2.0,15272,151.21,2,0
benign_zip_archive_50x4k_2,0,zip_archive,ebpf+fuse,8485,0,0,272,0.2171,272,101.0,1.0,1.0,2.0,0.3713,0.0037,0.0037,0.25,0,0.0,5.1589,1,0.0,1.0,1,2,1,2.0,15272,151.21,2,0
benign_zip_archive_50x64k_1,0,zip_archive,ebpf+fuse,8506,0,0,322,0.336,322,101.0,1.0,1.0,2.0,0.3137,0.0031,0.0031,0.3665,0,0.0,4.968,1,0.0,1.0,1,2,1,2.0,25922,256.65,2,0
benign_zip_archive_50x64k_2,0,zip_archive,ebpf+fuse,8527,0,0,322,0.296,322,101.0,1.0,1.0,2.0,0.3137,0.0031,0.0031,0.3665,0,0.0,4.9381,1,0.0,1.0,1,2,1,2.0,25922,256.65,2,0
benign_zstd_each_10x4k_1,0,zstd_each,ebpf+fuse,9449,0,0,124,0.1332,124,10.0,10.0,0.0,10.0,0.0806,0.0806,0.0,0.2177,0,0.0,5.5037,1,0.0,0.0,0,20,1,20.0,770,77.0,2,0
benign_zstd_each_10x4k_2,0,zstd_each,ebpf+fuse,9473,0,0,124,0.1306,124,10.0,10.0,0.0,10.0,0.0806,0.0806,0.0,0.2177,0,0.0,5.5037,1,0.0,0.0,0,20,1,20.0,770,77.0,2,0
benign_zstd_each_10x64k_1,0,zstd_each,ebpf+fuse,9496,0,0,124,0.305,124,10.0,10.0,0.0,10.0,0.0806,0.0806,0.0,0.2177,0,0.0,5.5834,1,0.0,0.0,0,20,1,20.0,780,78.0,2,0
benign_zstd_each_10x64k_2,0,zstd_each,ebpf+fuse,9519,0,0,124,0.1493,124,10.0,10.0,0.0,10.0,0.0806,0.0806,0.0,0.2177,0,0.0,5.5834,1,0.0,0.0,0,20,1,20.0,780,78.0,2,0
benign_zstd_each_50x4k_1,0,zstd_each,ebpf+fuse,9542,0,0,364,0.438,364,50.0,50.0,0.0,50.0,0.1374,0.1374,0.0,0.1841,0,0.0,5.5037,1,0.0,0.0,0,100,1,100.0,3850,77.0,2,0
benign_zstd_each_50x4k_2,0,zstd_each,ebpf+fuse,9564,0,0,364,0.4503,364,50.0,50.0,0.0,50.0,0.1374,0.1374,0.0,0.1841,0,0.0,5.5037,1,0.0,0.0,0,100,1,100.0,3850,77.0,2,0
benign_zstd_each_50x64k_1,0,zstd_each,ebpf+fuse,9587,0,0,364,0.4362,364,50.0,50.0,0.0,50.0,0.1374,0.1374,0.0,0.1841,0,0.0,5.5834,1,0.0,0.0,0,100,1,100.0,3900,78.0,2,0
benign_zstd_each_50x64k_2,0,zstd_each,ebpf+fuse,9610,0,0,364,0.4375,364,50.0,50.0,0.0,50.0,0.1374,0.1374,0.0,0.1841,0,0.0,5.5834,1,0.0,0.0,0,100,1,100.0,3900,78.0,2,0
braincipher_ec890af6_001,1,braincipher,ebpf+fuse,8353,0,0,71,0.068,71,5.0,0.0,1.0,1.0,0.0704,0.0,0.0141,0.2535,1,0.2,4.5574,1,0.6,1.0,1,2,1,2.0,73831,14766.2,1,0
braincipher_f0a47eb4_001,1,braincipher,ebpf+fuse,8570,0,0,71,0.0388,71,5.0,0.0,1.0,1.0,0.0704,0.0,0.0141,0.2535,1,0.2,4.4764,1,0.6,1.0,1,2,1,2.0,73831,14766.2,1,0
buhti_01b09b55_001,1,buhti,ebpf+fuse,8677,0,0,168,0.1657,168,61.0,0.0,20.0,1.0,0.3631,0.0,0.119,0.1667,20,0.3279,4.866,1,0.9836,1.0,1,41,1,41.0,1313900,21539.34,1,0
conti_0cbd4064_001,1,conti,ebpf+fuse,8668,0,0,376,0.178,376,41.0,0.0,20.0,1.0,0.109,0.0,0.0532,0.1064,40,0.9756,7.1163,1,0.4878,1.0,1,21,1,21.0,1324289,32299.73,1,209
conti_13fa3e25_001,1,conti,ebpf+fuse,8657,0,0,376,0.3384,376,41.0,0.0,20.0,1.0,0.109,0.0,0.0532,0.1064,40,0.9756,7.1055,1,0.4878,1.0,1,21,1,21.0,1323723,32285.93,1,209
conti_eb2b667d_001,1,conti,ebpf+fuse,8833,0,0,110,0.0799,110,3.0,0.0,1.0,1.0,0.0273,0.0,0.0091,0.1909,2,0.6667,6.2672,1,0.3333,1.0,1,2,1,2.0,67592,22530.67,1,38
conti_ff48dd7b_001,1,conti,ebpf+fuse,8792,0,0,458,0.2199,458,41.0,0.0,20.0,1.0,0.0895,0.0,0.0437,0.155,40,0.9756,7.1178,1,0.4878,1.0,1,21,1,21.0,1324289,32299.73,9,209
hellokitty_16a0054a_001,1,hellokitty,ebpf+fuse,8775,0,0,2029,0.3697,2029,166.0,0.0,20.0,21.0,0.0818,0.0,0.0099,0.0419,20,0.125,4.6282,1,0.7229,1.0,1,61,2,30.5,1343320,8092.29,1,1627
hellokitty_556e5cb5_001,1,hellokitty,ebpf+fuse,8780,0,0,2050,0.4589,2050,187.0,0.0,40.0,21.0,0.0912,0.0,0.0195,0.0512,20,0.1111,4.8512,1,0.6417,1.0,2,61,2,30.5,1350333,7221.03,1,1587
hellokitty_754f2022_001,1,hellokitty,ebpf+fuse,8647,0,0,2029,0.4477,2029,166.0,0.0,20.0,21.0,0.0818,0.0,0.0099,0.0419,22,0.1375,4.6317,1,0.7229,1.0,1,61,2,30.5,1343840,8095.42,1,1627
hellokitty_8f3db63f_001,1,hellokitty,ebpf+fuse,8658,0,0,2050,0.1901,2050,167.0,0.0,40.0,21.0,0.0815,0.0,0.0195,0.0415,20,0.125,4.631,1,0.7186,1.0,2,61,2,30.5,1343650,8045.81,1,1627
hellokitty_b4f90cff_001,1,hellokitty,ebpf+fuse,8770,0,0,2050,0.5113,2050,187.0,0.0,40.0,21.0,0.0912,0.0,0.0195,0.0512,20,0.1111,4.8337,1,0.6417,1.0,2,61,2,30.5,1346353,7199.75,1,1587
hellokitty_ca607e43_001,1,hellokitty,ebpf+fuse,8779,0,0,2051,0.426,2051,188.0,0.0,40.0,21.0,0.0917,0.0,0.0195,0.0512,20,0.1111,4.8252,1,0.6383,1.0,2,61,2,30.5,1344962,7154.05,1,1587
incransom_63e0d4e8_001,1,incransom,ebpf+fuse,9605,0,0,281,0.3189,281,83.0,0.0,20.0,2.0,0.2954,0.0,0.0712,0.331,20,0.241,5.0582,1,0.9639,1.0,1,22,1,22.0,1327359,15992.28,1,0
incransom_6cd349ed_001,1,incransom,ebpf+fuse,10810,0,0,208,0.185,208,81.0,0.0,20.0,1.0,0.3894,0.0,0.0962,0.1971,20,0.2469,5.9765,1,0.7407,1.0,1,21,1,21.0,1320511,16302.6,1,0
incransom_7d0c735c_001,1,incransom,ebpf+fuse,11027,0,0,281,0.4162,281,83.0,0.0,20.0,2.0,0.2954,0.0,0.0712,0.331,20,0.241,5.053,1,0.9639,1.0,1,22,1,22.0,1327359,15992.28,1,0
incransom_e16ac447_001,1,incransom,ebpf+fuse,11029,0,0,320,0.5951,320,101.0,0.0,20.0,1.0,0.3156,0.0,0.0625,0.3563,20,0.198,6.2782,1,0.9901,1.0,1,21,1,21.0,1321769,13086.82,1,0
moneymessage_4f8bd378_001,1,moneymessage,ebpf+fuse,8797,0,0,335,19.2909,335,0.5702,0.0,0.0,0.0518,0.0328,0.0,0.0,0.7761,8,0.7273,6.7515,1,0.9091,0.0,0,2,1,2.0,66480,6043.64,5,0
monti_edfe81ba_001,1,monti,ebpf+fuse,8808,0,0,168,0.1403,168,42.0,0.0,20.0,2.0,0.25,0.0,0.119,0.2262,40,0.9756,7.1181,1,0.4762,1.0,1,22,2,11.0,1324185,31528.21,1,0
ransomexx_08113ca0_001,1,ransomexx,ebpf+fuse,8688,0,0,218,30.5214,218,1.9986,0.0,0.6553,0.0328,0.2798,0.0,0.0917,0.3394,40,0.6557,6.6701,1,0.9836,1.0,20,21,1,21.0,1322859,21686.21,1,0
ransomexx_196eb5bf_001,1,ransomexx,ebpf+fuse,8687,0,0,218,25.129,218,2.4275,0.0,0.7959,0.0398,0.2798,0.0,0.0917,0.3394,40,0.6557,6.6803,1,0.9836,1.0,20,21,1,21.0,1322700,21683.61,1,0
revil_3d375d0e_001,1,revil,ebpf+fuse,8820,0,0,3416,0.7459,3416,61.0,0.0,20.0,1.0,0.0179,0.0,0.0059,0.4517,20,0.3279,5.8991,1,0.9836,1.0,1,21,1,21.0,1319243,21626.93,12,0
revil_796800fa_001,1,revil,ebpf+fuse,8698,0,0,3478,1.0221,3478,59.6826,0.0,19.5681,0.9784,0.0175,0.0,0.0058,0.4612,20,0.3279,5.9155,1,0.9836,1.0,1,21,1,21.0,1319222,21626.59,12,0
revil_d6762eff_001,1,revil,ebpf+fuse,8946,0,0,3467,1.1521,3467,52.9485,0.0,17.3602,0.868,0.0176,0.0,0.0058,0.4612,20,0.3279,5.9096,1,0.9836,1.0,1,21,1,21.0,1319243,21626.93,12,0
revil_ea1872b2_001,1,revil,ebpf+fuse,8691,0,0,3487,0.9808,3487,61.0,0.0,20.0,1.0,0.0175,0.0,0.0057,0.4611,20,0.3279,5.9044,1,0.9836,1.0,1,21,1,21.0,1319219,21626.54,12,0
revil_f864922f_001,1,revil,ebpf+fuse,8819,0,0,3543,0.835,3543,61.0,20.0,20.0,21.0,0.0172,0.0056,0.0056,0.4595,20,0.3279,5.8903,1,0.9836,1.0,1,41,1,41.0,1318954,21622.2,9,0
