run_id,label,family
benign_bulk_copy_10x4k_1,benign,bulk_copy
benign_bulk_copy_10x4k_2,benign,bulk_copy
benign_bulk_copy_10x64k_1,benign,bulk_copy
benign_bulk_copy_10x64k_2,benign,bulk_copy
benign_bulk_copy_50x4k_1,benign,bulk_copy
benign_bulk_copy_50x4k_2,benign,bulk_copy
benign_bulk_copy_50x64k_1,benign,bulk_copy
benign_bulk_copy_50x64k_2,benign,bulk_copy
benign_bulk_copy_p_10x4k_1,benign,bulk_copy_p
benign_bulk_copy_p_10x4k_2,benign,bulk_copy_p
benign_bulk_copy_p_10x64k_1,benign,bulk_copy_p
benign_bulk_copy_p_10x64k_2,benign,bulk_copy_p
benign_bulk_copy_p_50x4k_1,benign,bulk_copy_p
benign_bulk_copy_p_50x4k_2,benign,bulk_copy_p
benign_bulk_copy_p_50x64k_1,benign,bulk_copy_p
benign_bulk_copy_p_50x64k_2,benign,bulk_copy_p
benign_bulk_move_10x4k_1,benign,bulk_move
benign_bulk_move_10x4k_2,benign,bulk_move
benign_bulk_move_10x64k_1,benign,bulk_move
benign_bulk_move_10x64k_2,benign,bulk_move
benign_bulk_move_50x4k_1,benign,bulk_move
benign_bulk_move_50x4k_2,benign,bulk_move
benign_bulk_move_50x64k_1,benign,bulk_move
benign_bulk_move_50x64k_2,benign,bulk_move
benign_bulk_delete_10x4k_1,benign,bulk_delete
benign_bulk_delete_10x4k_2,benign,bulk_delete
benign_bulk_delete_10x64k_1,benign,bulk_delete
benign_bulk_delete_10x64k_2,benign,bulk_delete
benign_bulk_delete_50x4k_1,benign,bulk_delete
benign_bulk_delete_50x4k_2,benign,bulk_delete
benign_bulk_delete_50x64k_1,benign,bulk_delete
benign_bulk_delete_50x64k_2,benign,bulk_delete
benign_rename_ext_10x4k_1,benign,rename_ext
benign_rename_ext_10x4k_2,benign,rename_ext
benign_rename_ext_10x64k_1,benign,rename_ext
benign_rename_ext_10x64k_2,benign,rename_ext
benign_rename_ext_50x4k_1,benign,rename_ext
benign_rename_ext_50x4k_2,benign,rename_ext
benign_rename_ext_50x64k_1,benign,rename_ext
benign_rename_ext_50x64k_2,benign,rename_ext
benign_sed_inplace_10x4k_1,benign,sed_inplace
benign_sed_inplace_10x4k_2,benign,sed_inplace
benign_sed_inplace_10x64k_1,benign,sed_inplace
benign_sed_inplace_10x64k_2,benign,sed_inplace
benign_sed_inplace_50x4k_1,benign,sed_inplace
benign_sed_inplace_50x4k_2,benign,sed_inplace
benign_sed_inplace_50x64k_1,benign,sed_inplace
benign_sed_inplace_50x64k_2,benign,sed_inplace
benign_read_all_10x4k_1,benign,read_all
benign_read_all_10x4k_2,benign,read_all
benign_read_all_10x64k_1,benign,read_all
benign_read_all_10x64k_2,benign,read_all
benign_read_all_50x4k_1,benign,read_all
benign_read_all_50x4k_2,benign,read_all
benign_read_all_50x64k_1,benign,read_all
benign_read_all_50x64k_2,benign,read_all
benign_tar_create_10x4k_1,benign,tar_create
benign_tar_create_10x4k_2,benign,tar_create
benign_tar_create_10x64k_1,benign,tar_create
benign_tar_create_10x64k_2,benign,tar_create
benign_tar_create_50x4k_1,benign,tar_create
benign_tar_create_50x4k_2,benign,tar_create
benign_tar_create_50x64k_1,benign,tar_create
benign_tar_create_50x64k_2,benign,tar_create
benign_tar_gzip_10x4k_1,benign,tar_gzip
benign_tar_gzip_10x4k_2,benign,tar_gzip
benign_tar_gzip_10x64k_1,benign,tar_gzip
benign_tar_gzip_10x64k_2,benign,tar_gzip
benign_tar_gzip_50x4k_1,benign,tar_gzip
benign_tar_gzip_50x4k_2,benign,tar_gzip
benign_tar_gzip_50x64k_1,benign,tar_gzip
benign_tar_gzip_50x64k_2,benign,tar_gzip
benign_tar_extract_10x4k_1,benign,tar_extract
benign_tar_extract_10x4k_2,benign,tar_extract
benign_tar_extract_10x64k_1,benign,tar_extract
benign_tar_extract_10x64k_2,benign,tar_extract
benign_tar_extract_50x4k_1,benign,tar_extract
benign_tar_extract_50x4k_2,benign,tar_extract
benign_tar_extract_50x64k_1,benign,tar_extract
benign_tar_extract_50x64k_2,benign,tar_extract
benign_gzip_each_10x4k_1,benign,gzip_each
benign_gzip_each_10x4k_2,benign,gzip_each
benign_gzip_each_10x64k_1,benign,gzip_each
benign_gzip_each_10x64k_2,benign,gzip_each
benign_gzip_each_50x4k_1,benign,gzip_each
benign_gzip_each_50x4k_2,benign,gzip_each
benign_gzip_each_50x64k_1,benign,gzip_each
benign_gzip_each_50x64k_2,benign,gzip_each
benign_zip_archive_10x4k_1,benign,zip_archive
benign_zip_archive_10x4k_2,benign,zip_archive
benign_zip_archive_10x64k_1,benign,zip_archive
benign_zip_archive_10x64k_2,benign,zip_archive
benign_zip_archive_50x4k_1,benign,zip_archive
benign_zip_archive_50x4k_2,benign,zip_archive
benign_zip_archive_50x64k_1,benign,zip_archive
benign_zip_archive_50x64k_2,benign,zip_archive
benign_random_write_10x4k_1,benign,random_write
benign_random_write_10x4k_2,benign,random_write
benign_random_write_10x64k_1,benign,random_write
benign_random_write_10x64k_2,benign,random_write
benign_random_write_50x4k_1,benign,random_write
benign_random_write_50x4k_2,benign,random_write
benign_random_write_50x64k_1,benign,random_write
benign_random_write_50x64k_2,benign,random_write
benign_git_checkout_10x4k_1,benign,git_checkout
benign_git_checkout_10x4k_2,benign,git_checkout
benign_git_checkout_10x64k_1,benign,git_checkout
benign_git_checkout_10x64k_2,benign,git_checkout
benign_git_checkout_50x4k_1,benign,git_checkout
benign_git_checkout_50x4k_2,benign,git_checkout
benign_git_checkout_50x64k_1,benign,git_checkout
benign_git_checkout_50x64k_2,benign,git_checkout
benign_sqlite_bulk_10x4k_1,benign,sqlite_bulk
benign_sqlite_bulk_10x4k_2,benign,sqlite_bulk
benign_sqlite_bulk_10x64k_1,benign,sqlite_bulk
benign_sqlite_bulk_10x64k_2,benign,sqlite_bulk
benign_sqlite_bulk_50x4k_1,benign,sqlite_bulk
benign_sqlite_bulk_50x4k_2,benign,sqlite_bulk
benign_sqlite_bulk_50x64k_1,benign,sqlite_bulk
benign_sqlite_bulk_50x64k_2,benign,sqlite_bulk
benign_bzip2_each_10x4k_1,benign,bzip2_each
benign_bzip2_each_10x4k_2,benign,bzip2_each
benign_bzip2_each_10x64k_1,benign,bzip2_each
benign_bzip2_each_10x64k_2,benign,bzip2_each
benign_bzip2_each_50x4k_1,benign,bzip2_each
benign_bzip2_each_50x4k_2,benign,bzip2_each
benign_bzip2_each_50x64k_1,benign,bzip2_each
benign_bzip2_each_50x64k_2,benign,bzip2_each
benign_xz_each_10x4k_1,benign,xz_each
benign_xz_each_10x4k_2,benign,xz_each
benign_xz_each_10x64k_1,benign,xz_each
benign_xz_each_10x64k_2,benign,xz_each
benign_xz_each_50x4k_1,benign,xz_each
benign_xz_each_50x4k_2,benign,xz_each
benign_xz_each_50x64k_1,benign,xz_each
benign_xz_each_50x64k_2,benign,xz_each
benign_zstd_each_10x4k_1,benign,zstd_each
benign_zstd_each_10x4k_2,benign,zstd_each
benign_zstd_each_10x64k_1,benign,zstd_each
benign_zstd_each_10x64k_2,benign,zstd_each
benign_zstd_each_50x4k_1,benign,zstd_each
benign_zstd_each_50x4k_2,benign,zstd_each
benign_zstd_each_50x64k_1,benign,zstd_each
benign_zstd_each_50x64k_2,benign,zstd_each
benign_gpg_symmetric_10x4k_1,benign,gpg_symmetric
benign_gpg_symmetric_10x4k_2,benign,gpg_symmetric
benign_gpg_symmetric_10x64k_1,benign,gpg_symmetric
benign_gpg_symmetric_10x64k_2,benign,gpg_symmetric
benign_gpg_symmetric_50x4k_1,benign,gpg_symmetric
benign_gpg_symmetric_50x4k_2,benign,gpg_symmetric
benign_gpg_symmetric_50x64k_1,benign,gpg_symmetric
benign_gpg_symmetric_50x64k_2,benign,gpg_symmetric
benign_openssl_enc_10x4k_1,benign,openssl_enc
benign_openssl_enc_10x4k_2,benign,openssl_enc
benign_openssl_enc_10x64k_1,benign,openssl_enc
benign_openssl_enc_10x64k_2,benign,openssl_enc
benign_openssl_enc_50x4k_1,benign,openssl_enc
benign_openssl_enc_50x4k_2,benign,openssl_enc
benign_openssl_enc_50x64k_1,benign,openssl_enc
benign_openssl_enc_50x64k_2,benign,openssl_enc
benign_shred_delete_10x4k_1,benign,shred_delete
benign_shred_delete_10x4k_2,benign,shred_delete
benign_shred_delete_10x64k_1,benign,shred_delete
benign_shred_delete_10x64k_2,benign,shred_delete
benign_shred_delete_50x4k_1,benign,shred_delete
benign_shred_delete_50x4k_2,benign,shred_delete
benign_shred_delete_50x64k_1,benign,shred_delete
benign_shred_delete_50x64k_2,benign,shred_delete
benign_find_chmod_10x4k_1,benign,find_chmod
benign_find_chmod_10x4k_2,benign,find_chmod
benign_find_chmod_10x64k_1,benign,find_chmod
benign_find_chmod_10x64k_2,benign,find_chmod
benign_find_chmod_50x4k_1,benign,find_chmod
benign_find_chmod_50x4k_2,benign,find_chmod
benign_find_chmod_50x64k_1,benign,find_chmod
benign_find_chmod_50x64k_2,benign,find_chmod
benign_cp_archive_10x4k_1,benign,cp_archive
benign_cp_archive_10x4k_2,benign,cp_archive
benign_cp_archive_10x64k_1,benign,cp_archive
benign_cp_archive_10x64k_2,benign,cp_archive
benign_cp_archive_50x4k_1,benign,cp_archive
benign_cp_archive_50x4k_2,benign,cp_archive
benign_cp_archive_50x64k_1,benign,cp_archive
benign_cp_archive_50x64k_2,benign,cp_archive
benign_rsync_mirror_10x4k_1,benign,rsync_mirror
benign_rsync_mirror_10x4k_2,benign,rsync_mirror
benign_rsync_mirror_10x64k_1,benign,rsync_mirror
benign_rsync_mirror_10x64k_2,benign,rsync_mirror
benign_rsync_mirror_50x4k_1,benign,rsync_mirror
benign_rsync_mirror_50x4k_2,benign,rsync_mirror
benign_rsync_mirror_50x64k_1,benign,rsync_mirror
benign_rsync_mirror_50x64k_2,benign,rsync_mirror
benign_dd_copy_10x4k_1,benign,dd_copy
benign_dd_copy_10x4k_2,benign,dd_copy
benign_dd_copy_10x64k_1,benign,dd_copy
benign_dd_copy_10x64k_2,benign,dd_copy
benign_dd_copy_50x4k_1,benign,dd_copy
benign_dd_copy_50x4k_2,benign,dd_copy
benign_dd_copy_50x64k_1,benign,dd_copy
benign_dd_copy_50x64k_2,benign,dd_copy
benign_split_join_10x4k_1,benign,split_join
benign_split_join_10x4k_2,benign,split_join
benign_split_join_10x64k_1,benign,split_join
benign_split_join_10x64k_2,benign,split_join
benign_split_join_50x4k_1,benign,split_join
benign_split_join_50x4k_2,benign,split_join
benign_split_join_50x64k_1,benign,split_join
benign_split_join_50x64k_2,benign,split_join
benign_sha256_all_10x4k_1,benign,sha256_all
benign_sha256_all_10x4k_2,benign,sha256_all
benign_sha256_all_10x64k_1,benign,sha256_all
benign_sha256_all_10x64k_2,benign,sha256_all
benign_sha256_all_50x4k_1,benign,sha256_all
benign_sha256_all_50x4k_2,benign,sha256_all
benign_sha256_all_50x64k_1,benign,sha256_all
benign_sha256_all_50x64k_2,benign,sha256_all
benign_grep_recursive_10x4k_1,benign,grep_recursive
benign_grep_recursive_10x4k_2,benign,grep_recursive
benign_grep_recursive_10x64k_1,benign,grep_recursive
benign_grep_recursive_10x64k_2,benign,grep_recursive
benign_grep_recursive_50x4k_1,benign,grep_recursive
benign_grep_recursive_50x4k_2,benign,grep_recursive
benign_grep_recursive_50x64k_1,benign,grep_recursive
benign_grep_recursive_50x64k_2,benign,grep_recursive
benign_sort_large_10x4k_1,benign,sort_large
benign_sort_large_10x4k_2,benign,sort_large
benign_sort_large_10x64k_1,benign,sort_large
benign_sort_large_10x64k_2,benign,sort_large
benign_sort_large_50x4k_1,benign,sort_large
benign_sort_large_50x4k_2,benign,sort_large
benign_sort_large_50x64k_1,benign,sort_large
benign_sort_large_50x64k_2,benign,sort_large
benign_base64_roundtrip_10x4k_1,benign,base64_roundtrip
benign_base64_roundtrip_10x4k_2,benign,base64_roundtrip
benign_base64_roundtrip_10x64k_1,benign,base64_roundtrip
benign_base64_roundtrip_10x64k_2,benign,base64_roundtrip
benign_base64_roundtrip_50x4k_1,benign,base64_roundtrip
benign_base64_roundtrip_50x4k_2,benign,base64_roundtrip
benign_base64_roundtrip_50x64k_1,benign,base64_roundtrip
benign_base64_roundtrip_50x64k_2,benign,base64_roundtrip
benign_gcc_compile_10x4k_1,benign,gcc_compile
benign_gcc_compile_10x4k_2,benign,gcc_compile
benign_gcc_compile_10x64k_1,benign,gcc_compile
benign_gcc_compile_10x64k_2,benign,gcc_compile
benign_gcc_compile_50x4k_1,benign,gcc_compile
benign_gcc_compile_50x4k_2,benign,gcc_compile
benign_gcc_compile_50x64k_1,benign,gcc_compile
benign_gcc_compile_50x64k_2,benign,gcc_compile
avoslocker_0cd7b6ea_001,malicious,avoslocker
avoslocker_10ab76cd_001,malicious,avoslocker
avoslocker_7c935dcd_001,malicious,avoslocker
avoslocker_d7112a1e_001,malicious,avoslocker
avoslocker_e9a7b43a_001,malicious,avoslocker
babuk_113c3c3a_001,malicious,babuk
babuk_53bf41be_001,malicious,babuk
babuk_6891ccff_001,malicious,babuk
babuk_87db7036_001,malicious,babuk
babuk_a1145bfa_001,malicious,babuk
babuk_bed5049f_001,malicious,babuk
babuk_dc90560d_001,malicious,babuk
braincipher_ec890af6_001,malicious,braincipher
braincipher_f0a47eb4_001,malicious,braincipher
buhti_01b09b55_001,malicious,buhti
conti_0cbd4064_001,malicious,conti
conti_13fa3e25_001,malicious,conti
conti_eb2b667d_001,malicious,conti
conti_ff48dd7b_001,malicious,conti
hellokitty_16a0054a_001,malicious,hellokitty
hellokitty_556e5cb5_001,malicious,hellokitty
hellokitty_754f2022_001,malicious,hellokitty
hellokitty_8f3db63f_001,malicious,hellokitty
hellokitty_b4f90cff_001,malicious,hellokitty
hellokitty_ca607e43_001,malicious,hellokitty
incransom_63e0d4e8_001,malicious,incransom
incransom_6cd349ed_001,malicious,incransom
incransom_7d0c735c_001,malicious,incransom
incransom_e16ac447_001,malicious,incransom
moneymessage_4f8bd378_001,malicious,moneymessage
monti_edfe81ba_001,malicious,monti
ransomexx_08113ca0_001,malicious,ransomexx
ransomexx_196eb5bf_001,malicious,ransomexx
revil_3d375d0e_001,malicious,revil
revil_796800fa_001,malicious,revil
revil_d6762eff_001,malicious,revil
revil_ea1872b2_001,malicious,revil
revil_f864922f_001,malicious,revil
