sha256,folder,source,name,path,category,arch,elf_type,pie,linkage,size
0295484aea2cd54ad0cc4f09fbea5a3285c3361d7db716809d1421a39adb8b91,Benign_deb12_fileio,deb12,bunzip2,/usr/bin/bunzip2,fileio,x86-64,DYN,yes,dynamic,39224
e296487a3a8f10a1c55e56056ba4bbb2d3ca22ae625af9f0d5cebaed28e55fa4,Benign_deb12_fileio,deb12,cp,/usr/bin/cp,fileio,x86-64,DYN,yes,dynamic,151152
878c2b98175bb6a41fd30ff6f7e262889c40192a4dbd13470a773680216b37f1,Benign_deb12_fileio,deb12,cpio,/usr/bin/cpio,fileio,x86-64,DYN,yes,dynamic,162368
9f3cb6157563063827c7a8c1e191db13ad1d2a3c6821270e4dc520f6cbfb766d,Benign_deb12_fileio,deb12,dd,/usr/bin/dd,fileio,x86-64,DYN,yes,dynamic,89240
c703b94ad3448bccc79cda80520964c8d371918a39eecc27f8d60f4e8891770a,Benign_deb12_fileio,deb12,find,/usr/bin/find,fileio,x86-64,DYN,yes,dynamic,224848
2540879925a6881e3877ff7e3330746ba3027b04edf16a3a12dccd1644c4f32d,Benign_deb12_fileio,deb12,git,/usr/bin/git,fileio,x86-64,DYN,yes,dynamic,3713416
f3a8498aa43e3a45f265d14211bba2653cacf2b9631f373db97b30f2cb96c738,Benign_deb12_fileio,deb12,gpg,/usr/bin/gpg,fileio,x86-64,DYN,yes,dynamic,1108440
376889550a0155d984b24341f6e8fe5474aeb87619150e691773d93e1d013941,Benign_deb12_fileio,deb12,gpg-agent,/usr/bin/gpg-agent,fileio,x86-64,DYN,yes,dynamic,435424
14870b448ea181864c78c382b9b5b379ef939e8500c8eb1498134869d4a9d02d,Benign_deb12_fileio,deb12,gpgconf,/usr/bin/gpgconf,fileio,x86-64,DYN,yes,dynamic,178928
407a10bc17ba2c6e94d0f631e99eb92cd0fd335a51ffedbd135fa58180f94f2f,Benign_deb12_fileio,deb12,gpgsm,/usr/bin/gpgsm,fileio,x86-64,DYN,yes,dynamic,540320
953d326212574b5ad3cbe5f87034b0c142b6e6d71bb619c51eaa3d2ce47f7e24,Benign_deb12_fileio,deb12,gzip,/usr/bin/gzip,fileio,x86-64,DYN,yes,dynamic,98136
9848c092188028f520c3742c609f7fdf2b16cbf5b4ac128fbf69c13b9620f124,Benign_deb12_fileio,deb12,install,/usr/bin/install,fileio,x86-64,DYN,yes,dynamic,159544
d7958b8fa6659cb45852d061dcecd84a897f26a0f98a8b52d787b35db3791dbb,Benign_deb12_fileio,deb12,lz4,/usr/bin/lz4,fileio,x86-64,DYN,yes,dynamic,211592
a781be46e6f27ca5d7e119225429a4a12ef941eea15ed2c44eea0c8bca7e4ebe,Benign_deb12_fileio,deb12,mv,/usr/bin/mv,fileio,x86-64,DYN,yes,dynamic,142968
b2eca5aab93387bfd865ba65df16b904458229093a380bf03f391b1e10658304,Benign_deb12_fileio,deb12,openssl,/usr/bin/openssl,fileio,x86-64,DYN,yes,dynamic,976136
ffdb0ad613a9d22b02816d1c67765f611c90fa98047b83917abe2c4677d0f4b3,Benign_deb12_fileio,deb12,pigz,/usr/bin/pigz,fileio,x86-64,DYN,yes,dynamic,137424
58e8be37049deaaacaf56196d507584b94e87a35a524db0c0459eb5ee6ae4b8c,Benign_deb12_fileio,deb12,rm,/usr/bin/rm,fileio,x86-64,DYN,yes,dynamic,72752
8ceb40e530db427676a435cc48042c9b3ea625fbaa57c433b73ccd7efdd665d3,Benign_deb12_fileio,deb12,rsync,/usr/bin/rsync,fileio,x86-64,DYN,yes,dynamic,526696
72dcf1ad8560de658e925dfee171565e0c3f3be38236cf725846bc44971cf4b0,Benign_deb12_fileio,deb12,sed,/usr/bin/sed,fileio,x86-64,DYN,yes,dynamic,126424
df3e060af6fefde5ef7579833938dcca23b5c81f900ae0470a28ef96015d5897,Benign_deb12_fileio,deb12,shred,/usr/bin/shred,fileio,x86-64,DYN,yes,dynamic,64656
6d845fc5f747178e9a4d7443fbd2495030a78e5790f796ceadaaaf61b5299f10,Benign_deb12_fileio,deb12,shuf,/usr/bin/shuf,fileio,x86-64,DYN,yes,dynamic,60400
26d29d4f3f2a9537f9104b0e496c6110ec266682bfd5f00b312a8fff723ffc00,Benign_deb12_fileio,deb12,sort,/usr/bin/sort,fileio,x86-64,DYN,yes,dynamic,118456
465258f620db346b6b0f85acba59f48130b7a1f87985f018da218b4ee6f5bdcd,Benign_deb12_fileio,deb12,split,/usr/bin/split,fileio,x86-64,DYN,yes,dynamic,60984
78fbb4b1bc1fdcb0e3f321ffbcc3628ebff0a961d3c56d4d623f8daef59886c8,Benign_deb12_fileio,deb12,sqlite3,/usr/bin/sqlite3,fileio,x86-64,DYN,yes,dynamic,306888
4e11647a9c86fb8857768bd622c43ed0662d7019f60f5bdd12fb15ac5f087070,Benign_deb12_fileio,deb12,tar,/usr/bin/tar,fileio,x86-64,DYN,yes,dynamic,531984
1613befc577b68e65c940d45a1db6e79b25074dc3d8ddb1f2b3cb3c60ce5fc4d,Benign_deb12_fileio,deb12,tee,/usr/bin/tee,fileio,x86-64,DYN,yes,dynamic,43984
4e5f263a7415b772646de61ea89d1ab62c21b2d64a15b0d426e618fee45e6e9b,Benign_deb12_fileio,deb12,truncate,/usr/bin/truncate,fileio,x86-64,DYN,yes,dynamic,43920
fa4b862a50784b6630259e50d5c4fd85d59006aa2190b23e840d2747e46f0484,Benign_deb12_fileio,deb12,unzip,/usr/bin/unzip,fileio,x86-64,DYN,yes,dynamic,179248
57a4229aa1c6d96fc0450f4eb75791fb3f47e1abec4cee1efe0e1ab9ac8801aa,Benign_deb12_fileio,deb12,xz,/usr/bin/xz,fileio,x86-64,DYN,yes,dynamic,84680
f718b59a4b1a647d2a9ce52fdec4011b626f581d5fd34ba598aae333611600ce,Benign_deb12_fileio,deb12,zip,/usr/bin/zip,fileio,x86-64,DYN,yes,dynamic,217360
cee5aaa2d86c0bf168fc57b759439f5900f2a3b55a9250271c473a7b08e3d3e3,Benign_deb12_fileio,deb12,zstd,/usr/bin/zstd,fileio,x86-64,DYN,yes,dynamic,1276544
3ca1d8d1df0d55fecdcabd5705f476df249c437464fdbdfaf3210a09d9df3bd3,Benign_deb12_fileio,deb12,dump,/usr/lib/apt/solvers/dump,fileio,x86-64,DYN,yes,dynamic,22848
700c865a0061d4d3345bba8afb2828ff86efb4945c4ce78678e746b6e1a650b5,Benign_deb12_fileio,deb12,7z,/usr/lib/p7zip/7z,fileio,x86-64,DYN,yes,dynamic,707064
cc1fcc2ed7de050492763d0b77bb364f025ef828dda05d8c8ca7a0177a4f6697,Benign_deb12_fileio,deb12,7za,/usr/lib/p7zip/7za,fileio,x86-64,DYN,yes,dynamic,1665616
56f499760ece55beff19e93809c6e4ca0eba00e772649c15ccc8a76dfc9b8cb3,Benign_deb12_fileio,deb12,7zr,/usr/lib/p7zip/7zr,fileio,x86-64,DYN,yes,dynamic,1186184
f9e46303b0bded0078ffd1af3e5e651f5ed59f977f3474ce027081b299d485fc,Benign_deb12_fileio,deb12,cryptsetup,/usr/sbin/cryptsetup,fileio,x86-64,DYN,yes,dynamic,225720
19c626251526131ac9340826c8f7bcb693c6ceb9d5da55919c3aa45d972b704f,Benign_deb12_general,deb12,libpcre2-8.so.0.11.2,/usr/lib/x86_64-linux-gnu/libpcre2-8.so.0.11.2,general,x86-64,DYN,no,static,629384
2feeee09768665c44514696ef3b919426fc6f4726f8868e3d9a8885b7137215d,Benign_deb12_general,deb12,libkrb5support.so.0.1,/usr/lib/x86_64-linux-gnu/libkrb5support.so.0.1,general,x86-64,DYN,no,static,52224
987014d86311daf58f2ec2326f6467ce5d01dfd863558aaf915fcf8ce36269f9,Benign_deb12_general,deb12,setsid,/usr/bin/setsid,general,x86-64,DYN,yes,dynamic,14648
87a416351d151a429202170aad2cf8145f8ac2d29f9cacb147972ad388914a47,Benign_deb12_general,deb12,CP1250.so,/usr/lib/x86_64-linux-gnu/gconv/CP1250.so,general,x86-64,DYN,no,static,18680
9cbd10033851db4392d3bf086c27eeede819f75ed6fd48cd4e9d1fef95880420,Benign_deb12_general,deb12,ISO8859-9.so,/usr/lib/x86_64-linux-gnu/gconv/ISO8859-9.so,general,x86-64,DYN,no,static,18680
128bec462fe2977be5a6ccf32937fd6397309564330b643ec489291fb1e3c6b9,Benign_deb12_general,deb12,Cwd.so,/usr/lib/x86_64-linux-gnu/perl/5.36.0/auto/Cwd/Cwd.so,general,x86-64,DYN,no,static,18800
dc14b04555d56b54da508571e9c0c1dce0e490a8b8d7d8f5aa626cb92adc2900,Benign_deb12_general,deb12,pam_faildelay.so,/usr/lib/x86_64-linux-gnu/security/pam_faildelay.so,general,x86-64,DYN,no,static,14336
2848858fd8d4178f36c933df048d19fe26a26bcf11f88a7b311691a6f721cd05,Benign_deb12_general,deb12,GREEK-CCITT.so,/usr/lib/x86_64-linux-gnu/gconv/GREEK-CCITT.so,general,x86-64,DYN,no,static,18680
75879c646031e47d62bf95575b394b80231714d418ddc28641fd8184cd2098fc,Benign_deb12_general,deb12,namei,/usr/bin/namei,general,x86-64,DYN,yes,dynamic,35136
7a4dd5021f4dde003224339fc768857863f8684d664da537eaee2e6ef523da07,Benign_deb12_general,deb12,lsipc,/usr/bin/lsipc,general,x86-64,DYN,yes,dynamic,100672
f377007c95cbde0c783505989f8f9a5187d138bb41c114a609df6e3c26fa4048,Benign_deb12_general,deb12,BRF.so,/usr/lib/x86_64-linux-gnu/gconv/BRF.so,general,x86-64,DYN,no,static,18680
1a8ece7c471cf0782699fbcbeaa10a21b6b6c9b7f775724c843144117fa85f5f,Benign_deb12_general,deb12,getent,/usr/bin/getent,general,x86-64,DYN,yes,dynamic,36320
ef801e1dc2f21ec9a75cabf9c385c76f1dca91c87f88cb9335a71248db293743,Benign_deb12_general,deb12,userdel,/usr/sbin/userdel,general,x86-64,DYN,yes,dynamic,113608
dc5dae16d20761904355b3ed0ccea13133c1d1545f88a0bc44cc6ce3ae038b91,Benign_deb12_general,deb12,getconf,/usr/bin/getconf,general,x86-64,DYN,yes,dynamic,27136
7480f7cb7110af0f45b6e04b50f8d1fb2c6392cf911cb3a28c516ef1b725823e,Benign_deb12_general,deb12,wc,/usr/bin/wc,general,x86-64,DYN,yes,dynamic,52280
ea5f9d693c13b6f00080ee281263d189d5f40efb42fc8e2629c44000202e0748,Benign_deb12_general,deb12,gpgtar,/usr/bin/gpgtar,general,x86-64,DYN,yes,dynamic,151064
dd1c71d1e0e3c62d7625851a5f18fbed6338a947e14969557bc4f87e7af46797,Benign_deb12_general,deb12,CP1255.so,/usr/lib/x86_64-linux-gnu/gconv/CP1255.so,general,x86-64,DYN,no,static,18680
9e31b23fa40cb126cb88b1b7fae273c42b6c539996a35c86925b0d0bd23f75b1,Benign_deb12_general,deb12,zipcloak,/usr/bin/zipcloak,general,x86-64,DYN,yes,dynamic,94696
9ba33f6df0f2635ddf80fbae5be9e459c265621c4c4e5ba59b9777cd7d9edcf3,Benign_deb12_general,deb12,ISO_6937-2.so,/usr/lib/x86_64-linux-gnu/gconv/ISO_6937-2.so,general,x86-64,DYN,no,static,26872
f2771c2b978003b889c2c254673e91c0dc0b77a68250de2309bd793c6a45487c,Benign_deb12_general,deb12,ctrlaltdel,/usr/sbin/ctrlaltdel,general,x86-64,DYN,yes,dynamic,39224
d45a33fd317fa26dbef727b35b8012e85e8b3b91d34f8026badb3a80d6092966,Benign_deb12_general,deb12,findfs,/usr/sbin/findfs,general,x86-64,DYN,yes,dynamic,14648
f43fa40712332bdf639e0458aa821585f307e567c15fcc605c8a22a90c686a9d,Benign_deb12_general,deb12,LATIN-GREEK-1.so,/usr/lib/x86_64-linux-gnu/gconv/LATIN-GREEK-1.so,general,x86-64,DYN,no,static,18680
f3341844d999c704b35696abd7f3b2ed76f451c8232c5f139988a230b02e2174,Benign_deb12_general,deb12,ISO8859-1.so,/usr/lib/x86_64-linux-gnu/gconv/ISO8859-1.so,general,x86-64,DYN,no,static,14584
54dfbffc86d9c0933f4ab4434915562c43d1d0a194efe128642fdef34cf11490,Benign_deb12_general,deb12,realpath,/usr/bin/realpath,general,x86-64,DYN,yes,dynamic,52144
72db1b3de8b7dfbaba4c056135f408da555f9d5e137c82129478e07e769f8070,Benign_deb12_general,deb12,libcrypto.so.3,/usr/lib/x86_64-linux-gnu/libcrypto.so.3,general,x86-64,DYN,no,static,4734232
a3e63304f4fc05ed47a4d8e9e548a14c9e501d4c02baa5852bae303ec560aa68,Benign_ub2204_fileio,ub2204,bunzip2,/usr/bin/bunzip2,fileio,x86-64,DYN,yes,dynamic,39296
350a14620bfe68a43580059688d3a0d0e38299d22d058b3fa8e1bf8ba322e4b4,Benign_ub2204_fileio,ub2204,cp,/usr/bin/cp,fileio,x86-64,DYN,yes,dynamic,141832
05e6eb960f13892a75c4f1390808967d558e5d027ba06e769726a8da434cf6c1,Benign_ub2204_fileio,ub2204,cpio,/usr/bin/cpio,fileio,x86-64,DYN,yes,dynamic,145040
aacb5ff96a051f24cf2ce96bf313591378e53b3d24b96ec1945cc8707958fc3f,Benign_ub2204_fileio,ub2204,dd,/usr/bin/dd,fileio,x86-64,DYN,yes,dynamic,68120
791b89c8bffb8101fd7d4d212b80af66a2332834b05a42721104eb47e8fa2eb1,Benign_ub2204_fileio,ub2204,find,/usr/bin/find,fileio,x86-64,DYN,yes,dynamic,282088
587ef21868c948b883993e23209b86a72a6ddc06aab1545c697ffc31075acd4a,Benign_ub2204_fileio,ub2204,git,/usr/bin/git,fileio,x86-64,DYN,yes,dynamic,3710360
9dcc2c88ecfe281b416b47453444cb382dac67f62e9a551fbbec0417441cf480,Benign_ub2204_fileio,ub2204,gpg,/usr/bin/gpg,fileio,x86-64,DYN,yes,dynamic,1050624
feeac2e969207e8f6cc8df7a91766c14a9cdc86e6e9067916f51d46e2b1e9f20,Benign_ub2204_fileio,ub2204,gpg-agent,/usr/bin/gpg-agent,fileio,x86-64,DYN,yes,dynamic,320472
0a25efe373d13783641029d89d6444aadf0b6f6526cf3e78cc5b99e26ace1666,Benign_ub2204_fileio,ub2204,gpgconf,/usr/bin/gpgconf,fileio,x86-64,DYN,yes,dynamic,129776
81103214c4291e9bf90414e5f9111be5bc9e8aaf1256aa7f6e9b29e1ae0937d5,Benign_ub2204_fileio,ub2204,gpgsm,/usr/bin/gpgsm,fileio,x86-64,DYN,yes,dynamic,428952
cc789a57a20d5d48bc5eecb914dff03ccfa1f35962112093a85fb67d29812d5b,Benign_ub2204_fileio,ub2204,gzip,/usr/bin/gzip,fileio,x86-64,DYN,yes,dynamic,93424
6145709e28eb0e85bde33dcfb1304b50144230e885425be4510c6b17ae444c75,Benign_ub2204_fileio,ub2204,install,/usr/bin/install,fileio,x86-64,DYN,yes,dynamic,145944
a3be1711cbfce130857401564bd9f68537632eda33e5efab95e6d26fa28a269a,Benign_ub2204_fileio,ub2204,lz4,/usr/bin/lz4,fileio,x86-64,DYN,yes,dynamic,198896
6a3628d6d00fcb05b0550c503804a94075a8c4b74a9e4b76eedf023086fec3af,Benign_ub2204_fileio,ub2204,mv,/usr/bin/mv,fileio,x86-64,DYN,yes,dynamic,137752
a55e3085b6a1df8887722f6cee7fc32c861d11d5fb584a63837d32d29602c65b,Benign_ub2204_fileio,ub2204,openssl,/usr/bin/openssl,fileio,x86-64,DYN,yes,dynamic,1001272
2b43275d5db012eaa797d4a34806163810fa0bb4b041173bf11ab66aa20d917e,Benign_ub2204_fileio,ub2204,pigz,/usr/bin/pigz,fileio,x86-64,DYN,yes,dynamic,137584
2e49f7c07c7b58dfef7c556dd43ddd2c491c70a9cf1e0283b411f6c2438097b5,Benign_ub2204_fileio,ub2204,rm,/usr/bin/rm,fileio,x86-64,DYN,yes,dynamic,59912
f029cadc3f0b1c879bf8dfb899f434703c13ee53197d27da5d17bf0faf1f1318,Benign_ub2204_fileio,ub2204,rsync,/usr/bin/rsync,fileio,x86-64,DYN,yes,dynamic,534624
42e2ce00721556ff9d371778fc36adcbb7c1697f65c3f996c6c9b28206dba565,Benign_ub2204_fileio,ub2204,sed,/usr/bin/sed,fileio,x86-64,DYN,yes,dynamic,113224
be78f810367493b17304529067a7c57930c5f50785635fa9bbbfb4e1ec7c39ca,Benign_ub2204_fileio,ub2204,shred,/usr/bin/shred,fileio,x86-64,DYN,yes,dynamic,51720
f515957ac1e4c66ecf004167820f9147b1b69e7dbe8484a141ea30171a4e4524,Benign_ub2204_fileio,ub2204,shuf,/usr/bin/shuf,fileio,x86-64,DYN,yes,dynamic,47624
dc0a7dda1bd9dbf795fa1fb57015d5abc08221b9d577d9b399998fcc8634ccf1,Benign_ub2204_fileio,ub2204,sort,/usr/bin/sort,fileio,x86-64,DYN,yes,dynamic,101176
984ef2fd2ba0fe2d8324576c906be31f5a48a6d4975bf9ed1722fcbaccf48978,Benign_ub2204_fileio,ub2204,split,/usr/bin/split,fileio,x86-64,DYN,yes,dynamic,52192
da7ee95cdd087b72ef45acd292378774b58463b4ad8790f79508f254fc1e20a0,Benign_ub2204_fileio,ub2204,sqlite3,/usr/bin/sqlite3,fileio,x86-64,DYN,yes,dynamic,1635064
fd0d62eed19efd3e115aa1be44160f89d777cd1e6d6d8eb0ce7c8bdc879f59e2,Benign_ub2204_fileio,ub2204,tar,/usr/bin/tar,fileio,x86-64,DYN,yes,dynamic,522048
d4da40f27e1ad1d2746456031b02c5b4247657235b98dd5d18a4975700a4564d,Benign_ub2204_fileio,ub2204,tee,/usr/bin/tee,fileio,x86-64,DYN,yes,dynamic,35336
967c95883c6d438bd84d91f36036df7a5b160526bf7e32c9e3cd137d6c6e5d2a,Benign_ub2204_fileio,ub2204,truncate,/usr/bin/truncate,fileio,x86-64,DYN,yes,dynamic,35336
c2de3370834a29644eb8362e3df7ee2f0fae51f28f04da1a34e898575714693c,Benign_ub2204_fileio,ub2204,unzip,/usr/bin/unzip,fileio,x86-64,DYN,yes,dynamic,174512
d0ef210d5cf6ce495db2994254b183907989686c8647440fa2eb03cf99903e21,Benign_ub2204_fileio,ub2204,xz,/usr/bin/xz,fileio,x86-64,DYN,yes,dynamic,84504
7dff50f9388ab7c9458b62561626182cd15512a51a81ba49acdcb94ad2c995c8,Benign_ub2204_fileio,ub2204,zip,/usr/bin/zip,fileio,x86-64,DYN,yes,dynamic,203768
d304445daa7e6429293dc02035063b7993fb6a489ee90d8851bff497952836dc,Benign_ub2204_fileio,ub2204,zstd,/usr/bin/zstd,fileio,x86-64,DYN,yes,dynamic,875096
dd41683d523648bc58e7a05ad4ec1d8d5ec685bd93808e84383cd06e5cee1955,Benign_ub2204_fileio,ub2204,dump,/usr/lib/apt/solvers/dump,fileio,x86-64,DYN,yes,dynamic,22920
534efde186c924db637cacdc02db6a5219aa05598049fa932f96316cce84b23b,Benign_ub2204_fileio,ub2204,7z,/usr/lib/p7zip/7z,fileio,x86-64,DYN,yes,dynamic,605872
2230af87fbeccebc40c74cc2475e8a6ea326a3770bf3adb61c885e0c2096f804,Benign_ub2204_fileio,ub2204,7za,/usr/lib/p7zip/7za,fileio,x86-64,DYN,yes,dynamic,1482496
fcf0bdb23bd3314eea8be754be9975900ec9b355d4f89feda59aa74bedb5aea9,Benign_ub2204_fileio,ub2204,7zr,/usr/lib/p7zip/7zr,fileio,x86-64,DYN,yes,dynamic,978480
92a81fa6c61430ea248b8f2028ff5eb79078e75be0d7cdabae7d2aede53496d9,Benign_ub2204_fileio,ub2204,cryptsetup,/usr/sbin/cryptsetup,fileio,x86-64,DYN,yes,dynamic,173616
2d3bda6cfa2d477cd91b8178843d19e081b911a124f04b4be06b6e32c9fabc73,Benign_ub2204_general,ub2204,libnettle.so.8.4,/usr/lib/x86_64-linux-gnu/libnettle.so.8.4,general,x86-64,DYN,no,static,281000
ffa9adb042df32f985ca2f1deb9247dfcb61d46fa513de2aa7159ecd55c18d67,Benign_ub2204_general,ub2204,libgdbm.so.6.0.0,/usr/lib/x86_64-linux-gnu/libgdbm.so.6.0.0,general,x86-64,DYN,no,static,71848
9c622cb5a0b965dba9e61b8c3411581cba06edfe9bcb05a9f28c6b87a5d9aa26,Benign_ub2204_general,ub2204,sdiff,/usr/bin/sdiff,general,x86-64,DYN,yes,dynamic,47504
4cc048e9b47054fd36c20937cdc804f071759604049e98e4e99343ecaa3a9d88,Benign_ub2204_general,ub2204,7zCon.sfx,/usr/lib/p7zip/7zCon.sfx,general,x86-64,DYN,yes,dynamic,481768
68ca338fe5dd2a660322bc2fd0ca96a475e142723e9de180c2db286ff7a3d020,Benign_ub2204_general,ub2204,ISO8859-10.so,/usr/lib/x86_64-linux-gnu/gconv/ISO8859-10.so,general,x86-64,DYN,no,static,18704
03e9019df86b0d66d8f1686c9472b992c0c9196d3f2e2e8f282b37fa55f6ee7b,Benign_ub2204_general,ub2204,libssl.so.3,/usr/lib/x86_64-linux-gnu/libssl.so.3,general,x86-64,DYN,no,static,667864
119a35f98c2b3151946553e8c5c8224b2bc46aa16e83a4d51064ada85f229f66,Benign_ub2204_general,ub2204,shared.so,/usr/lib/x86_64-linux-gnu/perl/5.34.0/auto/threads/shared/shared.so,general,x86-64,DYN,no,static,43936
938ca0a22ab1be69857ff8d1a79b0e9d8b649929d7f0dad398c2f20d4ccd3fb2,Benign_ub2204_general,ub2204,EUC-CN.so,/usr/lib/x86_64-linux-gnu/gconv/EUC-CN.so,general,x86-64,DYN,no,static,22800
0a003adebf08649bf3d72bc1f383534dd8ac883abcbd5c062d2a1dbcbc642310,Benign_ub2204_general,ub2204,mt-gnu,/usr/bin/mt-gnu,general,x86-64,DYN,yes,dynamic,68336
039434e586db62a85ff252951430ae1d8ed43e2d6a3314af83e8a80486fdae89,Benign_ub2204_general,ub2204,lsblk,/usr/bin/lsblk,general,x86-64,DYN,yes,dynamic,125320
4b111266d0d8677f185783b2df37a109a363d01540bf6c37716bba6df9c9fe43,Benign_ub2204_general,ub2204,gpg-protect-tool,/usr/lib/gnupg/gpg-protect-tool,general,x86-64,DYN,yes,dynamic,85072
8e6366c4051bfb86715beab9e1d6c99943b7646764bb6a581567b1aaa6cb32dd,Benign_ub2204_general,ub2204,getconf,/usr/bin/getconf,general,x86-64,DYN,yes,dynamic,35112
44a913ab3f858061203087b3e03c14afcf01823198c2a47e6fb6261440b7b31b,Benign_ub2204_general,ub2204,pam_extrausers_update,/usr/sbin/pam_extrausers_update,general,x86-64,DYN,yes,dynamic,30872
31784eeb7519686a71ef5da468ca1135e45ce19c5c93295080f5b34e5503c6e9,Benign_ub2204_general,ub2204,funzip,/usr/bin/funzip,general,x86-64,DYN,yes,dynamic,22832
72a34e6ba98a59f1da0c7b4d8c9722b746b5ade54e4d7e8de8e519c2993858ad,Benign_ub2204_general,ub2204,unshare,/usr/bin/unshare,general,x86-64,DYN,yes,dynamic,31336
1d10d5a7b68a6598246083cb146693eda871f780f6b56783003a4fccef19c13a,Benign_ub2204_general,ub2204,gpgsplit,/usr/bin/gpgsplit,general,x86-64,DYN,yes,dynamic,27184
718d1b647c3fc3eb97add430770c09880cdb3cc792cea4d855b1c2b9bf2e149f,Benign_ub2204_general,ub2204,ANSI_X3.110.so,/usr/lib/x86_64-linux-gnu/gconv/ANSI_X3.110.so,general,x86-64,DYN,no,static,30992
ae49096b42cebab2f3a2557e32b0f3e3e5139fd7e22201c9dc5bcfab9701946c,Benign_ub2204_general,ub2204,w,/usr/bin/w,general,x86-64,DYN,yes,dynamic,22760
af5639139c7e4fe9d68c8c37a1d94c9b52fbaa0c97e8b300d120340fdc643059,Benign_ub2204_general,ub2204,ISO8859-4.so,/usr/lib/x86_64-linux-gnu/gconv/ISO8859-4.so,general,x86-64,DYN,no,static,18704
3b800d82886414480995cb8c2d57ad692c6c143dc5fe754870be4fc38fa38043,Benign_ub2204_general,ub2204,pam_umask.so,/usr/lib/x86_64-linux-gnu/security/pam_umask.so,general,x86-64,DYN,no,static,14328
38eb651b990cdbc4ebea31ad0861af56aa1d92718012d9e7d65000f94cc3f6b8,Benign_ub2204_general,ub2204,blkzone,/usr/sbin/blkzone,general,x86-64,DYN,yes,dynamic,35200
a02683debcf40ba5620213b972ac9ec78f7ecbfbfc3aa90e3f28737110142acf,Benign_ub2204_general,ub2204,ISO_11548-1.so,/usr/lib/x86_64-linux-gnu/gconv/ISO_11548-1.so,general,x86-64,DYN,no,static,18704
3bd71120e00b8eabd6acd86684031b1eb59870c198bdee40dfbfe9fec9507777,Benign_ub2204_general,ub2204,IEC_P27-1.so,/usr/lib/x86_64-linux-gnu/gconv/IEC_P27-1.so,general,x86-64,DYN,no,static,18704
207df9d438f75185ab3af2ab1173d104831a6631c28ef40d38b2ab43de27b40f,Benign_ub2204_general,ub2204,ps,/usr/bin/ps,general,x86-64,DYN,yes,dynamic,141776
5f0471b6d14d4090263ea2f859a07b5bdf56a235335fafab5e0ce1ed2c6815ba,Benign_ub2204_general,ub2204,libattr.so.1.1.2501,/usr/lib/x86_64-linux-gnu/libattr.so.1.1.2501,general,x86-64,DYN,no,static,26696
0a3493aea1d6671729a6a6bb5a7c7130b2f201959cf50b8252fd9fdb593ce883,Benign_alp319_fileio,alp319,gzip,/bin/gzip,fileio,x86-64,DYN,yes,dynamic,80808
25a43ad0f9b278f5eeb880b7810f0fc141c966b1e5a277e61733da479ac47677,Benign_alp319_fileio,alp319,tar,/bin/tar,fileio,x86-64,DYN,yes,dynamic,366240
8b9eecf78c576cec2687cb5618a6cc5a99a0eed610d0b72ee805186ab2aaaa32,Benign_alp319_fileio,alp319,cryptsetup,/sbin/cryptsetup,fileio,x86-64,DYN,yes,dynamic,172296
2f323d1826754bffe82da6150b9338314178313c9dbb41fa6e4b93c7bcd2e75b,Benign_alp319_fileio,alp319,bunzip2,/usr/bin/bunzip2,fileio,x86-64,DYN,yes,dynamic,95232
95cbc1bc8509549d89382880c4f23f9bc67096481cef22fdacf6e762b323a0aa,Benign_alp319_fileio,alp319,cpio,/usr/bin/cpio,fileio,x86-64,DYN,yes,dynamic,132672
cabe839fbbccc934b168b8d18d7b3f25773cbdc32c7b234473e685e447c55045,Benign_alp319_fileio,alp319,git,/usr/bin/git,fileio,x86-64,DYN,yes,dynamic,2829592
bd7ce069d69b4cf9300bab3856b04ab5425616eca26e1595fed233e6c32e3b45,Benign_alp319_fileio,alp319,gpg,/usr/bin/gpg,fileio,x86-64,DYN,yes,dynamic,947000
0006b0eaf20cf88f036aa5e3b0893c226685a71a50a6f520a8a816ccc096c7f8,Benign_alp319_fileio,alp319,gpg-agent,/usr/bin/gpg-agent,fileio,x86-64,DYN,yes,dynamic,349448
6504eeb2a252a054d6bc874572c526028fee28579e95bafd8e7afa042ad668b1,Benign_alp319_fileio,alp319,gpgconf,/usr/bin/gpgconf,fileio,x86-64,DYN,yes,dynamic,130080
ffe188b91052a9e7f218039c05d9d1c8aa83cbdd1bdf4fc06618b99ffb414262,Benign_alp319_fileio,alp319,gpgsm,/usr/bin/gpgsm,fileio,x86-64,DYN,yes,dynamic,488760
28946a9ce66292032624884fa4e7e199b37da7abca57d01f9a3694c6779d12eb,Benign_alp319_fileio,alp319,lz4,/usr/bin/lz4,fileio,x86-64,DYN,yes,dynamic,174000
86de7f1d0590088face6566014505c4f0aab623087480b18f45f5e49c2fb6433,Benign_alp319_fileio,alp319,openssl,/usr/bin/openssl,fileio,x86-64,DYN,yes,dynamic,738272
92f4dde104a77297abd1744b0bf434ebfdf2592f5fc1a2b2e14629c8397c8dee,Benign_alp319_fileio,alp319,rsync,/usr/bin/rsync,fileio,x86-64,DYN,yes,dynamic,378784
78e1b41b90df538fdc00146c97f6d2367937bc6bfeb8fa09d8220a377e71f130,Benign_alp319_fileio,alp319,sqlite3,/usr/bin/sqlite3,fileio,x86-64,DYN,yes,dynamic,1715352
6b57cefe81448fbf6f2266e7fc01de74441faca58f6ba4c935b128f7e76c00f4,Benign_alp319_fileio,alp319,unzip,/usr/bin/unzip,fileio,x86-64,DYN,yes,dynamic,194456
c48ffb50abd45a492f6cfbe44f6ad8ab04b0f75413632634c08ecd2b99891b14,Benign_alp319_fileio,alp319,xz,/usr/bin/xz,fileio,x86-64,DYN,yes,dynamic,80352
c09f42b9e61de2ebc19b06e9131a66ecb1c736001c07e9ed3a64386dc86985c9,Benign_alp319_fileio,alp319,zip,/usr/bin/zip,fileio,x86-64,DYN,yes,dynamic,162856
f0da94c042933365629893956929c79bf01df86448b13ab9ec424d77bdacd308,Benign_alp319_fileio,alp319,zstd,/usr/bin/zstd,fileio,x86-64,DYN,yes,dynamic,166080
949b4b282d37f19ff43db7b17eb3ea24c27813d625dbd30319fb4627d1a52093,Benign_alp319_general,alp319,afalg.so,/usr/lib/engines-3/afalg.so,general,x86-64,DYN,no,static,18488
78d51908eec67c5f430ba279821b0b91d2fe719335882b229bb5f456df53bb76,Benign_alp319_general,alp319,lzmadec,/usr/bin/lzmadec,general,x86-64,DYN,yes,dynamic,14248
45c4592cc6f185ba2b0da40b1e735089b8fada9babbef019618856b7165b89f4,Benign_alp319_general,alp319,gpgtar,/usr/bin/gpgtar,general,x86-64,DYN,yes,dynamic,93752
8ab43907e8714d214112a3fee38261276565503e59c909ade2216b03326ed0a5,Benign_alp319_general,alp319,funzip,/usr/bin/funzip,general,x86-64,DYN,yes,dynamic,26464
2c37a4850d78f6dee0322c9754b414d9bf23a29f6996a47f6e642c7decac4f21,Benign_alp319_general,alp319,libattr.so.1.1.2501,/lib/libattr.so.1.1.2501,general,x86-64,DYN,no,static,22304
e8d075ebf015a45b06a22ac60004a79c0950b67859a4178611a8b1c0a9030785,Benign_alp319_general,alp319,libnpth.so.0.1.2,/usr/lib/libnpth.so.0.1.2,general,x86-64,DYN,no,static,18208
29ba370baccf538ea8c0ab47c443a1a938e0bedac6ca68caed21530da0f9ed7a,Benign_alp319_general,alp319,gpg-wks-client,/usr/bin/gpg-wks-client,general,x86-64,DYN,yes,dynamic,171264
974017b0aea5ea7129842a1f3592075c49bc2eefec9cf5c781ef2249fca1cb50,Benign_alp319_general,alp319,gpg-card,/usr/bin/gpg-card,general,x86-64,DYN,yes,dynamic,203896
9445199d9af8db3d2957618be26cbb7163f4aae25990e47a07d6d625fad9cc5f,Benign_alp319_general,alp319,libnghttp2.so.14.25.1,/usr/lib/libnghttp2.so.14.25.1,general,x86-64,DYN,no,static,141112
619c8742292ff638f52add0f960af0c108e3aaaab4639dffc678c5c9ef6e8650,Benign_alp319_general,alp319,git-remote-http,/usr/libexec/git-core/git-remote-http,general,x86-64,DYN,yes,dynamic,601304
5b989c4826531c4c65ee0709105fec775dd6943d9d07495e5c3166ae09464d90,Benign_alp319_general,alp319,libpsl.so.5.3.5,/usr/lib/libpsl.so.5.3.5,general,x86-64,DYN,no,static,75552
39297b8c246a8de5084cbfb02b816f26cf51045bba6ae4584324f8c999fddeb6,Benign_alp319_general,alp319,libexpat.so.1.11.1,/usr/lib/libexpat.so.1.11.1,general,x86-64,DYN,no,static,136920
0598aefe1a9ca170cb49e94d7b1c866646c02502b5e503e752007c1247394592,Benign_alp319_general,alp319,libsasl2.so.3.0.0,/usr/lib/libsasl2.so.3.0.0,general,x86-64,DYN,no,static,105040
61b705f29182bc31387d271632aed480b72539e4304d9c8c2cb94ab2a202068d,Benign_alp319_general,alp319,libcurl.so.4.8.0,/usr/lib/libcurl.so.4.8.0,general,x86-64,DYN,no,static,680400
6ad5fae89cd3e171b89763ccd38125926cf474419898eda338e0f9a4b8749b2a,Benign_alp319_general,alp319,unzipsfx,/usr/bin/unzipsfx,general,x86-64,DYN,yes,dynamic,92056
53c54579d2bfe725762002b333d2b8c45c42500bb1c6a1c1a542be19d7cdcfcc,Benign_alp319_general,alp319,libhogweed.so.6.8,/usr/lib/libhogweed.so.6.8,general,x86-64,DYN,no,static,280512
97b1a94b98224024866fcdbdbbed7c023809a5d9d1a93c8cdfbee6d7e23c43a2,Benign_alp319_general,alp319,integritysetup,/sbin/integritysetup,general,x86-64,DYN,yes,dynamic,47744
f62764878d15b9e39b205b3042cc7c96be67409894b3dbd9d0ba7ae5d50f8c5f,Benign_alp319_general,alp319,zipcloak,/usr/bin/zipcloak,general,x86-64,DYN,yes,dynamic,73176
85843d8e70d57301b20046308d9d8525b2d2d3ffde665345de7e5bd6371b2bc1,Benign_alp319_general,alp319,7zz,/usr/bin/7zz,general,x86-64,DYN,yes,dynamic,1706416
7d17b6c3618de288044d64330b09d92a849ed3be4e99e06568477c61112ce838,Benign_alp319_general,alp319,libbrotlienc.so.1.1.0,/usr/lib/libbrotlienc.so.1.1.0,general,x86-64,DYN,no,static,739488
dab95aad416b8a156e2d85920d3c6cb5a8a25b0dcb0d372f1e57e0f11af30bd9,Benign_alp319_general,alp319,keyboxd,/usr/libexec/keyboxd,general,x86-64,DYN,yes,dynamic,228584
24e8481e7827130f18aaa8616fddb97aa072ca8b22a9b21eae79d7cd13924450,Benign_alp319_general,alp319,gpg-check-pattern,/usr/libexec/gpg-check-pattern,general,x86-64,DYN,yes,dynamic,76064
fe3083a3593afd5f13d2a9a5c2e5327e27124af8dec114da9f9b505c14c6497d,Benign_alp319_general,alp319,dirmngr,/usr/bin/dirmngr,general,x86-64,DYN,yes,dynamic,481728
53dbf4891b026c55d1ac9f83a6efd6bc2dcc4799b2922e403ed27fa9ef809d83,Benign_alp319_general,alp319,getent,/usr/bin/getent,general,x86-64,DYN,yes,dynamic,44904
d163787b118def95ce93fc9217002534c09df143bf1100a27916f404c23cc05d,Benign_alp319_general,alp319,libnettle.so.8.8,/usr/lib/libnettle.so.8.8,general,x86-64,DYN,no,static,309216
1c2338ecfdc771a38c9f9d1386decde19f156d2d1a457322a9a2fd4539070a5f,Benign_fc40_fileio,fc40,bzip2,/usr/bin/bzip2,fileio,x86-64,DYN,yes,dynamic,40896
07b79c16f78ad045f1e4387c5fba4dbe04f9cb6b26e34288efcfc5a0d018c7a2,Benign_fc40_fileio,fc40,cp,/usr/bin/cp,fileio,x86-64,DYN,yes,dynamic,153160
0c683abfc846a67a8984cbff3f7d87f49d538960b094775dde470a4d92841520,Benign_fc40_fileio,fc40,cpio,/usr/bin/cpio,fileio,x86-64,DYN,yes,dynamic,144360
eec535078997e6ab9d3960a59ae5173c77c921f15809b4b73a332693a4124b2d,Benign_fc40_fileio,fc40,dd,/usr/bin/dd,fileio,x86-64,DYN,yes,dynamic,78344
ffe75f41e0ac38488f66f45b38b4283a81b9661d28728a1656360c1fd7f9a263,Benign_fc40_fileio,fc40,find,/usr/bin/find,fileio,x86-64,DYN,yes,dynamic,201120
56815bbe40d745d62fe2164672ed0a055345ff6924c302ef268efbea1d56bd45,Benign_fc40_fileio,fc40,git,/usr/bin/git,fileio,x86-64,DYN,yes,dynamic,4479576
bf580b134f0ec73273ecf0a72dd68ff022afb89703e8055b242194f0b3120fa3,Benign_fc40_fileio,fc40,gpg,/usr/bin/gpg,fileio,x86-64,DYN,yes,dynamic,1150104
02ee90fe3d39f83b19cd4b52d6abcfdf7efb913bae4be31e1fb177f05d58ee93,Benign_fc40_fileio,fc40,gpg-agent,/usr/bin/gpg-agent,fileio,x86-64,DYN,yes,dynamic,372064
f5f0f4ae42741822df6a7f5153b46b18c5182d4d81ed5cbd3d246dd63afe3e8e,Benign_fc40_fileio,fc40,gpgconf,/usr/bin/gpgconf,fileio,x86-64,DYN,yes,dynamic,112608
e56648903a3e7bd75bc957455e0d02a254d6efffbb6801c5d98d6dc6cb075481,Benign_fc40_fileio,fc40,gzip,/usr/bin/gzip,fileio,x86-64,DYN,yes,dynamic,95768
624f23f5aea8dfe4f9148441460e0cf960be984f65367843110d6fb2d143b5b5,Benign_fc40_fileio,fc40,install,/usr/bin/install,fileio,x86-64,DYN,yes,dynamic,157352
c9ce8daa0104edc0706747852365fd8d0ddea30a826020aa0988767924533133,Benign_fc40_fileio,fc40,lz4,/usr/bin/lz4,fileio,x86-64,DYN,yes,dynamic,177032
e38a96730b0d5ef3533d90d3d3f5ee6f02c54f0d85e68d5e0d56b1d50049e442,Benign_fc40_fileio,fc40,mv,/usr/bin/mv,fileio,x86-64,DYN,yes,dynamic,144904
69f3899b59da4573f11a79a66a2e09823a2e9c286554c75a6fecf8c4d80cfebd,Benign_fc40_fileio,fc40,openssl,/usr/bin/openssl,fileio,x86-64,DYN,yes,dynamic,938288
0e42c6944843feddaafd776bf417eacdd4c6ef3cc89824ee3bda1e0a20123b73,Benign_fc40_fileio,fc40,rename,/usr/bin/rename,fileio,x86-64,DYN,yes,dynamic,24344
e362663d4137dfe459d510ea4506cdea8891c02f9c7ea82e900c5aec67bfe7cc,Benign_fc40_fileio,fc40,rm,/usr/bin/rm,fileio,x86-64,DYN,yes,dynamic,62064
c8024c2bceba42d3b724a2e5a57c9de37541d2b855fdb26fcae437e9ad0da74b,Benign_fc40_fileio,fc40,rsync,/usr/bin/rsync,fileio,x86-64,DYN,yes,dynamic,566592
8db58f4afbd70128b0f451262f3ebda4e0e9630eee5f881a7a75a81b5a853bea,Benign_fc40_fileio,fc40,sed,/usr/bin/sed,fileio,x86-64,DYN,yes,dynamic,124280
24793920a443246a2d44884376f1ced7b9a8f030a780b95841f49129303abc98,Benign_fc40_fileio,fc40,shred,/usr/bin/shred,fileio,x86-64,DYN,yes,dynamic,57632
c7dd02c1add80888a667096318065006581e81987965170c432fd7807ba8e9ae,Benign_fc40_fileio,fc40,shuf,/usr/bin/shuf,fileio,x86-64,DYN,yes,dynamic,53632
8604c619facfd531bccbc9dbe6b6ea8b811b6a38a0b44437f42fa9de92e11e9e,Benign_fc40_fileio,fc40,sort,/usr/bin/sort,fileio,x86-64,DYN,yes,dynamic,120408
3c38d97437247770449d403299cfc37e7a9bcf2e0dd2b70e7f5093fc9f077695,Benign_fc40_fileio,fc40,split,/usr/bin/split,fileio,x86-64,DYN,yes,dynamic,62096
460b39a8abedec5d7861afda9e357904e4f4fda2bcfe4b2431604a80d4a0816b,Benign_fc40_fileio,fc40,sqlite3,/usr/bin/sqlite3,fileio,x86-64,DYN,yes,dynamic,1837736
c05d443f339d411f6c042eb1687dacf37c752335f23adfd6e24930310db2c512,Benign_fc40_fileio,fc40,tar,/usr/bin/tar,fileio,x86-64,DYN,yes,dynamic,423744
60e08e2b31c577e7a326d972ff532d69d520b581e1550d201a0f6fa285e316a7,Benign_fc40_fileio,fc40,tee,/usr/bin/tee,fileio,x86-64,DYN,yes,dynamic,41088
a8bdeb509e36090f685b139fe2bd9333bf3c75a1ce85d9ebfae2b7ae2a0cbaf8,Benign_fc40_fileio,fc40,truncate,/usr/bin/truncate,fileio,x86-64,DYN,yes,dynamic,40968
102244fcb73c1cd1c6978d316e8caea7c8fca1717d7d1d20887d0f41e8a48501,Benign_fc40_fileio,fc40,unzip,/usr/bin/unzip,fileio,x86-64,DYN,yes,dynamic,193104
d8b4a78c274ebe312667bc2834a9bc5ea443965c6558296786984ad73a12a361,Benign_fc40_fileio,fc40,xz,/usr/bin/xz,fileio,x86-64,DYN,yes,dynamic,91200
d9e37b76faef5044e8f394a1987e65d7c5c236a8fea80e000e8b3d79fce13f73,Benign_fc40_fileio,fc40,zip,/usr/bin/zip,fileio,x86-64,EXEC,no,dynamic,215328
4a6e288083cced294c2a0d823f387fbebe9f54984cccdfb2bdc2c54a0e246433,Benign_fc40_fileio,fc40,zstd,/usr/bin/zstd,fileio,x86-64,DYN,yes,dynamic,918928
32cf6469df20a802b5aa2e4eb23ecc02903f86d0f5f733f4302a28da3ddf0349,Benign_fc40_fileio,fc40,7za,/usr/libexec/p7zip/7za,fileio,x86-64,DYN,yes,dynamic,1339760
4b109b99414e3363ee425c6a225ddeb4432fc0993f7e58b7c74575c7890c825b,Benign_fc40_fileio,fc40,cryptsetup,/usr/sbin/cryptsetup,fileio,x86-64,DYN,yes,dynamic,222080
998901f8349f249425c429ea88e2d782dcc68a42ea9ca68a1e90c2cb968ed327,Benign_fc40_general,fc40,_blake2.cpython-312-x86_64-linux-gnu.so,/usr/lib64/python3.12/lib-dynload/_blake2.cpython-312-x86_64-linux-gnu.so,general,x86-64,DYN,no,static,37824
2f1403fd6c8db55763415dfd74b094f68d2460c601b931643f0607ae31c5feff,Benign_fc40_general,fc40,scalar.so,/usr/lib64/perl5/auto/PerlIO/scalar/scalar.so,general,x86-64,DYN,no,static,19672
75e813e18daf447ac3bc00986c4b23460294e81d5ecc9a711a7719820cbbe896,Benign_fc40_general,fc40,portablectl,/usr/bin/portablectl,general,x86-64,DYN,yes,dynamic,65928
05fe2e1c4a3d2dc7865e95ac94480745c66ef6b1d13f3c2a40ffce48ca15dc1a,Benign_fc40_general,fc40,tic,/usr/bin/tic,general,x86-64,DYN,yes,dynamic,94624
2640207eba1da16d2dfd63face812241c60681507e24933398ee9777c8c1816d,Benign_fc40_general,fc40,libmenuw.so.6.4,/usr/lib64/libmenuw.so.6.4,general,x86-64,DYN,no,static,41248
4dead90e876feee0077f8728b2f88504f544696ccb5abb476c57a5b094e3d7bf,Benign_fc40_general,fc40,_sqlite3.cpython-312-x86_64-linux-gnu.so,/usr/lib64/python3.12/lib-dynload/_sqlite3.cpython-312-x86_64-linux-gnu.so,general,x86-64,DYN,no,static,126096
a95c3b360c915189e9df4dbfcfef4860f3f7a4a912f257948bc1c837b6d013d8,Benign_fc40_general,fc40,pam_postgresok.so,/usr/lib64/security/pam_postgresok.so,general,x86-64,DYN,no,static,15600
60ea6d898dd92fa9c417f33b9b76c884463518251ba9a663aa3edb8edbfe615e,Benign_fc40_general,fc40,systemd-getty-generator,/usr/lib/systemd/system-generators/systemd-getty-generator,general,x86-64,DYN,yes,dynamic,24440
448030b7c0440da45330c93f7d5e7d896d4074efd3bbf1d2f66706d365df7bc0,Benign_fc40_general,fc40,lsblk,/usr/bin/lsblk,general,x86-64,DYN,yes,dynamic,156976
415936ab7b3c35a86045f8ba6a1a8fd5137330e348705a8f5a5a308002b4c66d,Benign_fc40_general,fc40,join,/usr/bin/join,general,x86-64,DYN,yes,dynamic,57576
e844bdf5a0abf1a7fe88ae36bc5fc56eb44290448161106fc9ef2014d8c0fc0b,Benign_fc40_general,fc40,taskset,/usr/bin/taskset,general,x86-64,DYN,yes,dynamic,32664
2396c43bbb8b91da342ba37737fd5633230c5032aa8f5a6ad274def2a0a6a135,Benign_fc40_general,fc40,gdbmtool,/usr/bin/gdbmtool,general,x86-64,DYN,yes,dynamic,136848
61d5a4c1e24aca0074c673cc791cf9945c1f138c9a9e68f0fc191803168201cc,Benign_fc40_general,fc40,pwhistory_helper,/usr/sbin/pwhistory_helper,general,x86-64,DYN,yes,dynamic,24288
021ce5e853f281a24079b6b3c3087bbd3ba5398e0920cf42618c6d3101686c83,Benign_fc40_general,fc40,gdbm_load,/usr/bin/gdbm_load,general,x86-64,DYN,yes,dynamic,37664
9e2bdb2dec6d32afb0c72b1eab5384d060a1c0f3fdce23fe29485242bb577e03,Benign_fc40_general,fc40,sleep,/usr/bin/sleep,general,x86-64,DYN,yes,dynamic,36872
ce1f0ab39bb8a91e1addfb2a0a792017a0e2cbe407943b691e258765af828990,Benign_fc40_general,fc40,glib-compile-schemas,/usr/bin/glib-compile-schemas,general,x86-64,DYN,yes,dynamic,57312
fc90decabc1532873839da02b7bba7bd7396483c1fa35946e58184adf80c7f69,Benign_fc40_general,fc40,tput,/usr/bin/tput,general,x86-64,DYN,yes,dynamic,28456
7e998e9e4a811a31ea1463024e21e60f21d2b00dfa4c861ca82d9272789e72bd,Benign_fc40_general,fc40,stat,/usr/bin/stat,general,x86-64,DYN,yes,dynamic,86392
91219467c9048641f17b80eb404c2b78d18eacd0195bff9f75998a34f0a158d1,Benign_fc40_general,fc40,libnettle.so.8.8,/usr/lib64/libnettle.so.8.8,general,x86-64,DYN,no,static,366024
7e5795b0f6da66b66a271ab65be987f094311164d10dc90a0d7f9afe3b328845,Benign_fc40_general,fc40,audit_json.so,/usr/libexec/sudo/audit_json.so,general,x86-64,DYN,no,static,27936
7544bd2997fcbd130100d023ab0cc191e1ea1b7d50818673148f088ae6002827,Benign_fc40_general,fc40,alternatives,/usr/sbin/alternatives,general,x86-64,DYN,yes,dynamic,44984
248e8c5a865b06e46536d0fd7488304ddefe07629c39ee1f52090d4a83ea807a,Benign_fc40_general,fc40,libnss_resolve.so.2,/usr/lib64/libnss_resolve.so.2,general,x86-64,DYN,no,static,190960
f79c25dde25fc0f3ef486f026f0f8393e7532192a7bf84fe57405e2fd7e8ae80,Benign_fc40_general,fc40,libkmod.so.2.4.1,/usr/lib64/libkmod.so.2.4.1,general,x86-64,DYN,no,static,120144
e4967c4bcfceeb67a05520d64c13f829124744edf888241cb9e5d350f9ee1ddb,Benign_fc40_general,fc40,nl,/usr/bin/nl,general,x86-64,DYN,yes,dynamic,41136
5fea4b0bbdae54687aa41a5fea1a4f1b535cf933b92179470a1df92168fe5812,Benign_fc40_general,fc40,libtss2-tcti-device.so.0.0.0,/usr/lib64/libtss2-tcti-device.so.0.0.0,general,x86-64,DYN,no,static,28208
41861189eb10fb9fe73ffcb8c82bdbbe5f6084de78e03f15acddd1d33071c3a4,Benign_arch_fileio,arch,ar,/usr/bin/ar,fileio,x86-64,DYN,yes,dynamic,51664
dbf817bd1cdbc38bb9426e119636273cdd8e8bfd792bb41ac102806648cd21a8,Benign_arch_fileio,arch,brotli,/usr/bin/brotli,fileio,x86-64,DYN,yes,dynamic,34832
f7a4fc551da5bca1a77026c9530273224daeedfca5492665bed1c383feb42096,Benign_arch_fileio,arch,bzip2,/usr/bin/bzip2,fileio,x86-64,DYN,yes,dynamic,39000
eb647a179dc64d035752ae4f228aeaeb09261ab5fac307d6d0d38504b7f326e2,Benign_arch_fileio,arch,cp,/usr/bin/cp,fileio,x86-64,DYN,yes,dynamic,129336
7c800f6a2bd806629e3bafe54ef2321f17c88b0ec8049a265fba827f77808c5f,Benign_arch_fileio,arch,cpio,/usr/bin/cpio,fileio,x86-64,DYN,yes,dynamic,145064
ecf880fa5ddcf14f7995f4a0bcf1bb794a34ffaccde079cf30040f2b06c43735,Benign_arch_fileio,arch,cryptsetup,/usr/bin/cryptsetup,fileio,x86-64,DYN,yes,dynamic,244952
33195915f4696403e9169aaf232c4b349dbb84fbc9cc4b51186f6fa13e9397f3,Benign_arch_fileio,arch,dd,/usr/bin/dd,fileio,x86-64,DYN,yes,dynamic,80224
dd7db3e8da1775fd4f196db8a9000d5d31c20bf82f105af567bea7c3db4303d6,Benign_arch_fileio,arch,find,/usr/bin/find,fileio,x86-64,DYN,yes,dynamic,273672
93473c28694fd72bd889364107cd2770514de59780885a6a4aafca4d602e30ad,Benign_arch_fileio,arch,git,/usr/bin/git,fileio,x86-64,DYN,yes,dynamic,4899632
ffdf75b9133c3dcf0bf53896801b9e4559cb4f15031c9a2bf24821cdcddd7cc6,Benign_arch_fileio,arch,gpg,/usr/bin/gpg,fileio,x86-64,DYN,yes,dynamic,1189008
ccd7796204c1334db5858b81707ba04a43fefbc216e631090a09301aafbb35f2,Benign_arch_fileio,arch,gpg-agent,/usr/bin/gpg-agent,fileio,x86-64,DYN,yes,dynamic,374072
b34a06f87d5118a5e04568d42072cf36884a5e02d89046226ccaf08b261d1d6c,Benign_arch_fileio,arch,gpgconf,/usr/bin/gpgconf,fileio,x86-64,DYN,yes,dynamic,110008
f2795e1a47b4b73da85909498f3488daddf26f35e5c82a484abbf6f031d82006,Benign_arch_fileio,arch,gpgsm,/usr/bin/gpgsm,fileio,x86-64,DYN,yes,dynamic,517456
3e0aa8ddb52c009c608d2f1669c195925b0d9208b699f48b45132dc86fd209dd,Benign_arch_fileio,arch,gzip,/usr/bin/gzip,fileio,x86-64,DYN,yes,dynamic,97344
4ff50026d1ea31129b52406a348d514e539776841db1490d44689bd1fbd6979b,Benign_arch_fileio,arch,install,/usr/bin/install,fileio,x86-64,DYN,yes,dynamic,133440
f67a41cb488eccc3105c71f52df2ad885db23232a7c8a1845748a52c79505069,Benign_arch_fileio,arch,lz4,/usr/bin/lz4,fileio,x86-64,DYN,yes,dynamic,204928
5f63714f175eb26b475f8b52fa22ac4bdc556eecb32f4947c04c295000d87d75,Benign_arch_fileio,arch,mv,/usr/bin/mv,fileio,x86-64,DYN,yes,dynamic,137528
473b24d9ddf610bdfaa90215a3cdc5925713f0c75dae93f38ffb381169c6d45a,Benign_arch_fileio,arch,openssl,/usr/bin/openssl,fileio,x86-64,DYN,yes,dynamic,980600
f7e6961e10b1297cf58dfbca56a87127edeb4e9b6d6707af89d5b23f38b4e615,Benign_arch_fileio,arch,rename,/usr/bin/rename,fileio,x86-64,DYN,yes,dynamic,22696
d5b182ba415bf4571cb6712c96dcee160dcb317c86814879a3fda36ef46ec36b,Benign_arch_fileio,arch,rm,/usr/bin/rm,fileio,x86-64,DYN,yes,dynamic,80184
54a28722d1c664c6981bd08783b65af62395956e311eff844cb0a40ca6e24df2,Benign_arch_fileio,arch,rsync,/usr/bin/rsync,fileio,x86-64,DYN,yes,dynamic,590648
c16be69e87ba0f9c5f364e3d25060d872629e26ba9db8681ad962f4485f6f31a,Benign_arch_fileio,arch,sed,/usr/bin/sed,fileio,x86-64,DYN,yes,dynamic,117272
bcd3085610584e21e00b5b3c4a136653d4a1b9a38baa22c006ee9e882764e97e,Benign_arch_fileio,arch,shred,/usr/bin/shred,fileio,x86-64,DYN,yes,dynamic,71992
1b5cbdb8231b4eb8167338388f701102951ec6e656a5fa330dcf30f9019689bf,Benign_arch_fileio,arch,shuf,/usr/bin/shuf,fileio,x86-64,DYN,yes,dynamic,67896
2cf331c66323c0da442de35f1a321c4caea8edafe0d2b339c3009cbb5c36b660,Benign_arch_fileio,arch,sort,/usr/bin/sort,fileio,x86-64,DYN,yes,dynamic,129600
c216bb7a0fc247c224e73355e29e86d48cc3b28c2cfb0e6bd7b4bb5fab28d590,Benign_arch_fileio,arch,split,/usr/bin/split,fileio,x86-64,DYN,yes,dynamic,72440
c1aab8828de807216a1fc64573e9e418560e9c817ad8d4501dc3d669c088d122,Benign_arch_fileio,arch,sqlite3,/usr/bin/sqlite3,fileio,x86-64,DYN,yes,dynamic,2077512
8bd961dfeee3543f158f550566a66e78c713a9ad5b88432bab93b63f2bb9347c,Benign_arch_fileio,arch,tar,/usr/bin/tar,fileio,x86-64,DYN,yes,dynamic,431840
c371d9f131579662167289aaaa55b381eeb90fc54a2cb73dcbb240738b5526d3,Benign_arch_fileio,arch,tee,/usr/bin/tee,fileio,x86-64,DYN,yes,dynamic,51512
6b891870ccc1160210cce61436056830f9c0484032028283f7174a7c11caafd9,Benign_arch_fileio,arch,truncate,/usr/bin/truncate,fileio,x86-64,DYN,yes,dynamic,47416
3d767b7db18df03af4158c4f7821e2c14743e0b70c0413d07790476e390c1924,Benign_arch_fileio,arch,unzip,/usr/bin/unzip,fileio,x86-64,DYN,yes,dynamic,170120
dfd848f00738fe62b11689ad6216587fb76ec160df0b273291aaff7eb5c6f620,Benign_arch_fileio,arch,xz,/usr/bin/xz,fileio,x86-64,DYN,yes,dynamic,96920
9035fa6b01355878a33d50e1a900b0768c7675ae96dbecbd4007fd4f4a4a2cb9,Benign_arch_fileio,arch,zip,/usr/bin/zip,fileio,x86-64,DYN,yes,dynamic,240920
6b799c822798547e33f3d928d04492ca4814d4b45088786b73d700f0cc0d905a,Benign_arch_fileio,arch,zstd,/usr/bin/zstd,fileio,x86-64,DYN,yes,dynamic,193792
fafaf56704080a55d0e82c9608e90934a50bd34ad5c3f85bbe171610ae8f1fa6,Benign_arch_fileio,arch,7z,/usr/lib/7zip/7z,fileio,x86-64,DYN,yes,dynamic,702816
16964c1bcaeb37d54ad3cb57c5f0ac134caefa3dd2977a975ddb473b739f7fff,Benign_arch_fileio,arch,7za,/usr/lib/7zip/7za,fileio,x86-64,DYN,yes,dynamic,1710672
0f0b5c291c648b8f79d76b69eff26494150d39ee9622122bc8f2e7b7a2d37523,Benign_arch_fileio,arch,7zr,/usr/lib/7zip/7zr,fileio,x86-64,DYN,yes,dynamic,1186336
447355214087690e7da4aef832969aa5d31c86628482a8a355bbc7050d7ea703,Benign_arch_fileio,arch,rm,/usr/lib/bash/rm,fileio,x86-64,DYN,no,static,14296
dbd06eec5bdf8c4a85646ac6103b3ced3f9eed3840678635d90014936a762f38,Benign_arch_fileio,arch,tee,/usr/lib/bash/tee,fileio,x86-64,DYN,no,static,14328
9625c74169aa65857a76c5db03fa0dff8ba7a211e69fb72ef388d4f37abd355f,Benign_arch_general,arch,sleep,/usr/bin/sleep,general,x86-64,DYN,yes,dynamic,47416
bfd910c9714e57f127a8e96e96e87b75882608b9f020de3450bbd64abe1a4c09,Benign_arch_general,arch,setmetamode,/usr/bin/setmetamode,general,x86-64,DYN,yes,dynamic,14536
2b53de77d966a7942268ccdc6ffbffdb9eab7265204aa4ab97e285f2a080c769,Benign_arch_general,arch,sha3-384sum,/usr/lib/leancrypto/sha3-384sum,general,x86-64,DYN,yes,dynamic,22688
211e546faca4bd6050269d01f2549f47f66a0881424628e570280e52bd38fbcc,Benign_arch_general,arch,ifstat,/usr/bin/ifstat,general,x86-64,DYN,yes,dynamic,39080
4d8e4921c5f6fa80968d0299a8ce5a6a47a6375a913a7e20e1c6ca3d7d6fc6ff,Benign_arch_general,arch,outpsfheader,/usr/bin/outpsfheader,general,x86-64,DYN,yes,dynamic,14424
d59573de8835c3964ee684f609bfaafe4008eff00781ab8e0fb94ac2127c6494,Benign_arch_general,arch,pam_cap.so,/usr/lib/security/pam_cap.so,general,x86-64,DYN,yes,dynamic,14272
9ef24f0c71bce65ed4028c8858f41db71e86f59c579d2162f06d93ad23a7cd51,Benign_arch_general,arch,userdel,/usr/bin/userdel,general,x86-64,DYN,yes,dynamic,84536
8773b8ee9a0e1b2a0adf6a261c07833c6808f8b3d8505c2c2693102dd682e759,Benign_arch_general,arch,ln,/usr/bin/ln,general,x86-64,DYN,yes,dynamic,76096
7f420896419c58be1d8a2cf949aed5e49fa08edebf17a6807cb9d46089782479,Benign_arch_general,arch,e2image,/usr/bin/e2image,general,x86-64,DYN,yes,dynamic,39016
3fc5ccd58842ade4b861e039a5b247c5e9a57017d992f0f4f1bc3ec2fcb10ed1,Benign_arch_general,arch,derb,/usr/bin/derb,general,x86-64,DYN,yes,dynamic,23136
352e95b3ee590111db506d645241401b07c97ec15641e07ae78890ea23ad1852,Benign_arch_general,arch,GOST_19768-74.so,/usr/lib/gconv/GOST_19768-74.so,general,x86-64,DYN,no,static,18448
4f8b9c676db8ff3e174110d9874b62ce2cd2b98aeb44c9bb5f2b64f5e8827c96,Benign_arch_general,arch,comm,/usr/bin/comm,general,x86-64,DYN,yes,dynamic,51512
b8e2b89a02046003982fcab30a490921a00ad0d3148f11de8614f2fdedba073d,Benign_arch_general,arch,libebt_arp.so,/usr/lib/xtables/libebt_arp.so,general,x86-64,DYN,no,static,14488
1da9d6fd383bd33d254ee5a845ac7e1e5c136cedce743b1bc29bdb1b1490f134,Benign_arch_general,arch,column,/usr/bin/column,general,x86-64,DYN,yes,dynamic,51368
6529e624ae80351a542bf2e6b8a771c36bb1b0992d9eac39a3ff476de68f647b,Benign_arch_general,arch,IBM437.so,/usr/lib/gconv/IBM437.so,general,x86-64,DYN,no,static,18440
0e49b99ea11f59d728d9b4fd7cf52062eaf736e92d602f7fdef3f91a7dc1b79c,Benign_arch_general,arch,libxt_dccp.so,/usr/lib/xtables/libxt_dccp.so,general,x86-64,DYN,no,static,14488
1520bed30cf8d98a7134feee984db6c4bccf433b12ac341eb40120e30ea9429a,Benign_arch_general,arch,libopcodes-2.47.so,/usr/lib/libopcodes-2.47.so,general,x86-64,DYN,no,static,800720
e0031cd4d552189df78405fcb4c9af68245c5da38dbe1e15d64118b089e3dd95,Benign_arch_general,arch,IBM1097.so,/usr/lib/gconv/IBM1097.so,general,x86-64,DYN,no,static,18440
7a06bf97c789227a856d48d05662da7dd2148e4f247418ae10505b08fb3043eb,Benign_arch_general,arch,paste,/usr/bin/paste,general,x86-64,DYN,yes,dynamic,47408
da41db653ce655535e84086b42809ae9e60a919b11b77b9f8fae6c131c97d005,Benign_arch_general,arch,bfifo.so,/usr/lib/libnl/cli/qdisc/bfifo.so,general,x86-64,DYN,no,static,14376
698f52107a5429a7dba85cb10aa3d5c93675b14d05afb2422175cfbbf7f872cb,Benign_arch_general,arch,head,/usr/lib/bash/head,general,x86-64,DYN,no,static,14328
3cd7d4db9080ef08097cb4434626d1ffc067f97d4fd73739b209e5339b197578,Benign_arch_general,arch,pg,/usr/bin/pg,general,x86-64,DYN,yes,dynamic,43216
90498d6796e5cd489923d7ce0b106c8aac717a65b3b1b6e2ea074fb87e67d491,Benign_arch_general,arch,nl-util-addr,/usr/bin/nl-util-addr,general,x86-64,DYN,yes,dynamic,14352
e9b56060e20b8ef441e508f7421a60f21a90c01ee587847b8493c4ca3a5a0c32,Benign_arch_general,arch,fincore,/usr/bin/fincore,general,x86-64,DYN,yes,dynamic,26968
68ba2329566fe7162199abf27c82802ef03c6fe9bd3c48f24e902224210cba15,Benign_arch_general,arch,resizecons,/usr/bin/resizecons,general,x86-64,DYN,yes,dynamic,35272
899f11dd0dbf8ac0042c67cb7791f6d10c1bf1efd1c5f82dc65047b9729fb583,Benign_busybox_general,busybox,[,/bin/[,general,x86-64,DYN,no,static,1239304
4235f9cff873b283c0d6d7db536a3f13438ad49d7f0554138efb1478c820e469,Benign_busybox_general,busybox,getconf,/bin/getconf,general,x86-64,DYN,no,static,292648
