num_readable_segments,num_segments_actual,num_executable_sections,num_program_headers_declared,num_load_segments,num_executable_segments,avg_segment_memsz,entry_point,max_segment_filesz,text_ratio,data_size,avg_segment_filesz,max_segment_memsz,file_size,bss_ratio,max_section_size,rodata_ratio,data_ratio,elf_type_ET_DYN,avg_section_size,rodata_size,text_size,num_sections_declared,num_writable_sections,has_got_plt,bss_size,num_alloc_sections,num_sections_actual,num_known_sections,num_unusual_sections,elf_type_ET_EXEC,has_unusual_section,is_stripped,has_strtab,has_plt,has_symtab,has_bss,has_rodata,machine_EM_X86_64,is_64bit,byte_f_146,byte_f_205,byte_f_3,byte_f_204,byte_f_298,byte_f_176,byte_f_162,byte_f_237,byte_f_58,byte_f_202,byte_f_210,byte_f_143,byte_f_228,byte_f_31,byte_f_91,byte_f_41,byte_f_73,byte_f_75,byte_f_177,byte_f_159,byte_f_278,byte_f_242,byte_f_155,byte_f_261,byte_f_118,byte_f_208,byte_f_209,byte_f_66,byte_f_154,byte_f_4,byte_f_114,byte_f_230,byte_f_122,byte_f_116,byte_f_67,byte_f_250,byte_f_260,byte_f_46,byte_f_273,byte_f_251,byte_f_9,byte_f_151,byte_f_33,byte_f_112,byte_f_282,byte_f_51,byte_f_142,byte_f_279,byte_f_125,byte_f_200,byte_f_115,byte_f_26,byte_f_22,byte_f_196,byte_f_59,byte_f_34,byte_f_117,byte_f_15,byte_f_156,byte_f_145,byte_f_23,byte_f_93,byte_f_124,byte_f_193,byte_f_126,byte_f_55,byte_f_38,byte_f_10,byte_f_111,byte_f_42,byte_f_215,byte_f_231,byte_f_206,byte_f_16,byte_f_149,byte_f_139,byte_f_57,byte_f_37,byte_f_32,byte_f_79,opcode_f_238,opcode_f_233,opcode_f_225,opcode_f_218,opcode_f_234,opcode_f_229,opcode_f_43,opcode_f_235,opcode_f_305,opcode_f_333,opcode_f_110,opcode_f_50,opcode_f_150,opcode_f_73,opcode_f_492,opcode_f_160,opcode_f_330,opcode_f_75,opcode_f_100,opcode_f_117,opcode_f_179,opcode_f_332,opcode_f_136,opcode_f_51,opcode_f_176,opcode_f_25,opcode_f_47,opcode_f_169,opcode_f_5,opcode_f_52,opcode_f_464,opcode_f_257,opcode_f_227,opcode_f_97,opcode_f_11,opcode_f_467,opcode_f_38,opcode_f_253,opcode_f_0,opcode_f_329,opcode_f_172,opcode_f_30,opcode_f_112,opcode_f_248,opcode_f_279,opcode_f_334,opcode_f_26,opcode_f_60,opcode_f_77,opcode_f_105,opcode_f_350,opcode_f_390,opcode_f_438,opcode_f_426,opcode_f_413,opcode_f_12,opcode_f_387,opcode_f_418,opcode_f_64,opcode_f_107,opcode_f_32,opcode_f_101,opcode_f_321,opcode_f_111,opcode_f_59,opcode_f_182,opcode_f_87,opcode_f_135,opcode_f_424,opcode_f_22,opcode_f_420,opcode_f_193,opcode_f_204,opcode_f_281,opcode_f_360,opcode_f_288,opcode_f_3,opcode_f_371,opcode_f_130,opcode_f_314,label
8,8,4,8.0,2,2,208603.125,4278496.0,1404181,0.5688604118088764,2112,207062.125,1404181,1619392,0.0076077935422677,921208,0.0690709846658499,0.0013041931786744,False,52528.48387096774,111853,921208,31.0,10,1,12320,28,31,27,4,True,1,1,0,1,0,1,1,True,1.0,2607,0,18853,0,581,647,76,379,1893,1929,551,161,3,855,1678,2929,411,2059,1543,306,637,200,357,451,420,327,127,1029,357,12324,518,493,515,210,1029,94,801,1698,719,44,3489,714,1828,126,851,3699,477,637,493,774,681,3261,4078,1803,1318,1381,420,4452,2499,830,6660,623,493,87,0,1762,4286,507,532,487,483,518,633,2301,949,686,1670,340,1828,2530,0,0,0,0,0,0,829,0,68,145,194,155,55,835,3,34,64,328,226,183,36,145,129,673,61,1015,1051,213,3236,1219,84,245,462,114,3546,30,1434,115,20949,146,557,668,303,30,17,23,642,223,72,336,21,91,6,15,37,3672,4,5,499,494,562,35,155,217,637,184,452,197,50,693,0,226,369,69,207,157,10806,14,169,57,1
8,8,4,8.0,2,2,208646.625,4278736.0,1404521,0.5688505315575229,2112,207105.625,1404521,1619392,0.0076077935422677,921192,0.0690907451685571,0.0013041931786744,False,52540.41935483871,111885,921192,31.0,10,1,12320,28,31,27,4,True,1,1,0,1,0,1,1,True,1.0,2607,0,18851,0,574,648,76,380,1893,1929,552,161,3,858,1679,2929,411,2059,1545,304,637,203,357,447,420,328,127,1029,357,12327,517,493,515,208,1029,85,801,1687,719,44,3503,717,1829,126,851,3699,477,637,493,774,685,3232,4078,1801,1318,1381,420,4456,2499,830,6682,628,493,87,0,1762,4283,511,532,492,479,522,634,2296,950,687,1673,340,1829,2529,0,0,0,0,0,0,828,0,68,148,194,155,56,834,3,34,64,328,226,183,36,148,129,672,61,1015,1051,214,3234,1219,84,245,462,114,3546,30,1435,115,20951,149,557,668,303,30,17,23,642,223,73,335,21,91,6,15,37,3672,4,5,500,494,564,35,155,217,637,184,452,196,50,694,0,225,369,69,207,157,10812,14,169,57,1
8,8,4,8.0,2,2,207820.625,4277808.0,1398241,0.5680782565626548,2112,206299.625,1398241,1615200,0.0075284794452699,917560,0.0687549529470034,0.0013075780089153,False,52329.54838709677,111053,917560,31.0,10,1,12160,28,31,27,4,True,1,1,0,1,0,1,1,True,1.0,2607,0,18847,0,574,645,76,377,1880,1917,547,161,3,851,1677,2927,412,2053,1538,302,636,202,354,446,417,320,127,1026,354,12306,516,489,515,209,1024,83,801,1682,718,44,3501,713,1826,126,851,3693,473,636,489,773,677,3660,4051,1803,1315,1366,417,4431,2499,827,7012,607,489,87,0,1719,4282,510,527,488,480,517,632,2291,944,685,1657,330,1826,2530,0,0,0,0,0,0,825,0,70,136,194,155,49,828,3,34,64,328,226,183,36,136,129,674,61,1014,1051,211,3228,1213,83,245,462,114,3544,30,1429,117,20918,137,557,667,303,30,17,23,641,223,67,331,21,92,6,15,36,3669,4,5,498,492,559,35,155,217,633,184,447,196,50,689,0,223,367,69,207,156,10754,14,168,57,1
8,8,4,8.0,2,2,208781.125,4278496.0,1405581,0.5693059039642878,2112,207240.125,1405581,1620064,0.0076046378414679,922312,0.0691015910482548,0.0013036522013945,False,52574.16129032258,111949,922312,31.0,10,1,12320,28,31,27,4,True,1,1,0,1,0,1,1,True,1.0,2607,0,18864,0,574,647,76,379,1895,1936,549,161,3,861,1678,2931,411,2060,1544,304,640,202,358,451,421,327,126,1029,358,12327,519,494,515,210,1029,83,801,1689,720,44,3507,715,1831,126,851,3699,479,640,494,776,685,3168,4081,1803,1319,1388,421,4462,2499,829,6674,625,494,88,0,1773,4285,510,533,483,482,519,633,2300,953,686,1675,345,1831,2529,0,0,0,0,0,0,831,0,68,145,194,155,52,835,3,34,64,328,226,183,36,145,129,675,61,1016,1051,214,3236,1220,84,247,462,114,3546,30,1434,115,20956,146,557,667,303,30,17,23,641,226,69,337,21,91,6,15,36,3675,4,5,502,494,562,34,155,217,644,185,452,196,50,690,0,228,370,69,207,159,10817,14,170,57,1
8,8,4,8.0,2,2,208668.125,4278736.0,1404693,0.5689493340710587,2112,207127.125,1404693,1619392,0.0076077935422677,921352,0.0690512241631427,0.0013041931786744,False,52545.967741935485,111821,921352,31.0,10,1,12320,28,31,27,4,True,1,1,0,1,0,1,1,True,1.0,2607,0,18868,0,581,649,76,379,1893,1927,552,161,3,911,1679,2929,412,2059,1545,303,637,204,358,445,421,328,127,1028,358,12329,516,494,515,208,1028,84,801,1688,719,44,3520,714,1831,126,851,3697,479,637,494,774,689,3229,4068,1802,1320,1380,421,4456,2499,829,6663,629,494,87,0,1767,4283,513,534,492,479,518,632,2299,951,687,1674,340,1831,2528,0,0,0,0,0,0,829,0,68,148,194,155,55,832,3,34,64,328,226,183,36,148,129,676,61,1015,1051,214,3235,1219,83,245,462,114,3545,30,1434,115,20955,149,557,668,303,30,17,23,642,223,73,336,21,91,7,15,37,3671,4,5,499,494,565,35,155,217,637,184,452,196,50,694,0,225,369,69,207,157,10809,14,169,57,1
9,9,5,9.0,2,2,7190.111111111111,134515840.0,60584,0.8072495713935831,2176,7185.222222222223,60584,65328,0.0006735243693362,52736,0.0221956894440362,0.0333088415380847,False,2178.793103448276,1450,52736,29.0,8,1,44,26,29,28,1,True,1,1,0,1,0,1,1,False,0.0,40,0,11,0,25,67,0,33,0,0,52,0,0,68,0,0,4,0,16,292,0,7,0,0,0,29,818,0,0,523,412,0,0,29,0,1,0,16,0,0,2,10,0,0,0,0,0,0,0,0,0,3,0,0,0,484,0,0,0,0,0,61,0,0,0,0,0,32,0,26,4,8,0,3,0,19,99,0,0,4,0,0,0,0,0,0,49,0,30,0,168,0,0,0,0,2,26,0,220,39,66,0,191,19,41,41,29,0,183,0,0,14,0,64,545,0,41,157,2196,0,176,308,22,0,0,238,665,0,0,6,1,0,1,0,1,377,50,0,0,0,0,0,1,242,0,1,1,83,1,352,0,0,0,0,1,0,0,0,1,0,1
13,13,6,13.0,4,1,5345.615384615385,9696.0,51153,0.6355116255249411,2208,5341.307692307692,51153,78104,0.0007169927276451,49636,0.0615589470449656,0.0282699989757246,True,2278.206896551724,4808,49636,29.0,6,0,56,26,29,28,1,False,1,1,0,1,0,1,1,True,1.0,56,157,0,157,44,5,245,39,273,34,69,22,1,58,163,494,983,56,42,667,5,9,1,2,1,15,836,47,1,1017,417,1,23,30,47,53,36,18,78,52,789,8,3,3,0,15,1,5,1,0,0,51,159,0,2,489,1,299,50,1,0,4,1,47,0,7,26,3,1,29,3,6,0,4,272,19,0,23,3,8,44,45,46,47,45,45,37,45,21,0,180,3,0,5,5,2,21,2,239,38,4,0,117,13,42,49,41,1,256,7,1,3,57,64,519,33,66,78,1059,0,22,287,53,0,23,100,450,13,0,23,1,1,6,33,1,246,53,10,1,2,4,5,1,146,1,0,0,47,51,234,58,1,0,9,28,4,172,0,1,3,1
13,13,6,13.0,4,1,5337.0,9696.0,52225,0.6851691709004432,2208,5332.692307692308,52225,74008,0.000756674954059,50708,0.0489676791698194,0.0298346124743271,True,2274.344827586207,3624,50708,29.0,6,0,56,26,29,28,1,False,1,1,0,1,0,1,1,True,1.0,56,157,0,157,45,5,279,39,307,34,73,22,1,58,163,528,1017,56,42,666,5,9,1,2,1,14,836,47,1,1017,417,1,57,30,47,51,36,18,78,51,823,8,2,3,0,15,1,5,1,0,0,53,159,0,2,489,1,299,50,1,1,5,1,47,0,7,27,50,1,29,3,6,0,4,306,20,0,57,2,8,44,45,46,47,45,45,37,45,21,0,180,3,0,5,5,2,21,2,239,38,4,0,117,13,42,49,41,1,256,7,1,3,57,64,519,33,66,78,1059,0,22,287,53,0,23,100,450,13,0,23,1,1,6,33,1,246,53,10,1,2,4,5,1,146,1,0,0,47,51,234,58,1,0,9,28,4,172,0,1,3,1
13,13,6,13.0,4,1,5216.384615384615,9696.0,51809,0.6795481569560048,2208,5212.076923076923,51809,74008,0.000756674954059,50292,0.0334017944006053,0.0298346124743271,True,2220.2758620689656,2472,50292,29.0,6,0,56,26,29,28,1,False,1,1,0,1,0,1,1,True,1.0,56,157,0,157,45,5,261,40,293,34,68,22,1,58,163,510,999,56,42,666,5,10,1,2,1,14,836,47,1,1017,418,1,39,30,47,52,36,18,78,51,811,8,2,5,0,15,1,5,1,0,0,54,159,0,2,489,1,299,50,1,0,5,1,47,0,7,27,50,1,31,3,6,0,4,292,19,0,39,2,8,44,45,46,47,45,45,37,45,21,0,180,3,0,5,5,2,21,2,239,38,4,0,117,13,42,49,41,1,260,7,1,3,57,64,519,33,66,78,1060,0,22,287,53,0,23,100,450,15,0,23,1,1,6,33,1,246,53,10,1,2,4,5,1,146,1,0,0,47,51,234,58,1,0,9,28,4,172,0,1,3,1
13,13,6,13.0,4,1,5177.0,9696.0,51809,0.6795481569560048,2208,5172.692307692308,51809,74008,0.000756674954059,50292,0.0264836233920657,0.0298346124743271,True,2202.620689655173,1960,50292,29.0,6,0,56,26,29,28,1,False,1,1,0,1,0,1,1,True,1.0,56,157,0,157,44,5,261,40,293,34,68,22,1,60,163,510,999,56,42,666,5,10,1,2,1,14,836,47,1,1017,418,1,39,30,47,51,36,18,78,52,811,8,2,5,0,15,1,5,1,0,0,54,159,0,2,489,1,299,50,1,0,5,1,47,1,7,27,51,1,30,11,6,0,4,292,18,0,39,2,8,44,45,46,47,45,45,37,45,21,0,180,3,0,5,5,2,21,2,239,38,4,0,117,13,42,49,41,1,260,7,1,3,57,64,519,33,66,78,1060,0,22,287,53,0,23,100,450,15,0,23,1,1,6,33,1,246,53,10,1,2,4,5,1,146,1,0,0,47,51,234,58,1,0,9,28,4,172,0,1,3,1
8,8,4,8.0,2,2,7769.0,4198880.0,57492,0.7746424923391215,2208,7761.0,57492,62656,0.0010214504596527,48536,0.0239083248212461,0.0352400408580183,False,2155.8928571428573,1498,48536,28.0,8,1,64,25,28,27,1,True,1,1,0,1,0,1,1,True,1.0,43,0,22,0,53,63,68,40,307,2,56,0,0,136,121,260,752,56,115,807,0,99,0,0,0,32,868,2,0,983,453,0,0,3,2,1,43,10,181,0,681,9,2,0,6,16,0,0,0,0,0,5,136,3,2,482,0,225,40,1,2,59,0,2,0,10,26,2,0,18,4,7,3,4,306,18,0,14,2,6,0,0,0,0,0,0,42,0,35,45,132,3,0,6,57,1,21,0,253,43,13,45,72,19,42,46,31,0,214,10,0,3,59,65,480,33,66,100,1128,46,21,278,80,0,23,100,522,12,0,24,2,0,6,33,3,111,52,10,1,4,0,5,1,227,1,0,1,52,4,215,0,1,7,8,28,0,188,0,0,3,1
8,8,4,8.0,2,2,8748.0,4198880.0,65300,0.6863122171945701,2208,8740.0,65300,70720,0.0009049773755656,48536,0.1315893665158371,0.0312217194570135,False,2434.785714285714,9306,48536,28.0,8,1,64,25,28,27,1,True,1,1,0,1,0,1,1,True,1.0,43,0,26,0,54,63,68,40,306,3,56,0,0,137,121,260,753,56,115,806,0,99,0,0,0,32,868,2,0,983,453,0,0,3,2,1,43,10,181,0,681,9,2,0,6,16,0,0,0,0,0,5,136,3,2,482,0,226,40,1,2,60,0,2,0,10,26,2,0,18,4,7,3,4,306,18,0,14,2,6,0,0,0,0,0,0,42,0,35,45,132,3,0,6,58,1,21,0,253,43,13,45,72,19,42,46,31,0,213,10,0,3,59,65,480,33,66,100,1129,46,21,278,80,0,23,100,522,12,0,24,2,0,6,33,3,111,52,10,1,4,0,5,1,227,1,0,1,52,4,215,0,1,6,8,28,0,189,0,0,3,1
9,9,5,9.0,2,2,4939.555555555556,4199765.0,41372,0.4834870075440067,80,4932.444444444444,41372,47720,0.0013411567476948,23072,0.2370494551550712,0.0016764459346186,False,1453.8620689655172,11312,23072,29.0,8,1,64,26,29,28,1,True,1,1,0,1,0,1,1,True,1.0,2,0,0,0,8,8,0,6,3,2,10,0,0,44,3,9,1,2,9,9,2,100,12,1,15,4,27,0,12,98,35,19,0,10,0,12,3,3,0,0,168,10,3,0,0,1,19,2,19,1,1,5,39,0,2,37,15,12,2,0,0,46,19,2,278,10,3,13,20,22,6,7,7,6,5,92,13,28,3,27,0,0,0,0,0,0,10,0,7,43,94,3,24,8,5,2,18,37,331,7,6,44,3,3,13,5,19,0,11,10,0,2,0,8,21,2,6,5,247,44,5,76,18,0,6,14,58,9,13,13,0,0,0,3,1,13,0,0,2,11,20,0,1,111,6,4,19,9,35,80,0,1,0,0,51,2,89,9,9,0,1
13,13,6,13.0,4,1,1897.3076923076924,10432.0,12005,0.3324692780337941,240,1893.6153846153843,12005,31248,0.0010240655401945,10389,0.025889656938044,0.0076804915514592,True,715.2666666666667,809,10389,30.0,6,0,32,26,30,29,1,False,1,1,0,1,0,1,1,True,1.0,0,143,0,143,13,1,1,8,12,2,14,13,3,29,2,2,0,2,0,10,18,7,14,10,20,17,9,69,14,140,29,29,36,16,69,73,0,2,2,83,81,4,36,0,0,3,23,18,29,17,5,74,23,0,20,46,20,32,0,11,0,8,29,56,13,3,2,79,32,46,5,2,3,3,7,22,33,27,36,8,47,48,49,50,48,48,4,48,0,0,1,27,29,0,1,0,0,6,0,0,0,0,0,5,0,25,1,13,19,5,3,0,0,0,4,0,8,0,112,0,0,7,0,15,0,0,11,2,25,10,0,1,0,0,6,7,0,0,6,27,27,0,0,2,1,18,9,0,0,47,12,2,1,0,0,0,69,4,1,0,0
13,13,6,13.0,4,1,2474.538461538461,20688.0,13029,0.2486089030206677,272,2462.230769230769,13029,35224,0.0045423574835339,8757,0.0349761526232114,0.0077220077220077,True,976.3448275862067,1232,8757,29.0,6,0,160,26,29,28,1,False,1,1,0,1,0,1,1,True,1.0,0,279,0,279,8,3,0,0,112,1,16,21,9,16,2,0,0,4,0,26,10,13,4,3,4,2,2,140,4,46,27,5,61,18,140,144,0,2,1,146,181,17,8,14,0,16,6,10,5,10,4,145,75,0,7,26,4,75,0,6,5,12,5,136,0,6,2,154,8,29,1,3,1,3,75,19,15,18,8,7,130,131,132,133,131,131,1,131,0,0,7,17,25,0,0,0,1,9,2,0,1,0,0,1,0,5,0,5,12,1,1,1,0,0,1,0,2,0,106,0,0,20,0,0,0,0,18,1,18,1,1,1,0,0,6,1,0,0,1,2,6,0,0,1,1,2,1,0,1,30,3,16,0,0,0,0,188,9,1,1,0
13,13,6,13.0,4,1,12017.615384615385,33744.0,71713,0.4091297591297591,392,11966.53846153846,71713,154440,0.0041440041440041,63186,0.0938875938875938,0.0025382025382025,True,4607.53125,14500,63186,32.0,7,0,640,28,32,29,3,False,1,1,0,1,0,1,1,True,1.0,0,806,0,806,38,4,0,12,196,2,72,484,89,104,14,2,68,30,0,44,83,27,73,64,156,21,27,435,73,240,66,216,327,307,435,389,24,14,2,431,815,20,228,311,0,59,81,82,216,95,46,460,271,0,140,104,157,238,0,148,22,29,218,310,708,17,16,105,128,137,15,26,22,18,125,35,144,216,228,24,261,262,267,268,262,266,2,262,0,0,21,174,97,4,0,0,0,167,4,2,0,0,6,1,0,94,0,107,90,22,44,0,0,0,11,0,55,0,443,0,0,48,0,49,0,0,70,189,100,34,0,5,2,0,39,11,0,0,31,172,209,0,1,9,9,143,74,0,0,171,120,108,0,1,0,20,650,57,4,5,0
13,13,6,13.0,4,1,2939.153846153846,12592.0,15125,0.3459278561209891,96,2594.538461538461,15125,39144,0.1144492131616595,13541,0.1796443899448191,0.0024524831391784,True,1208.448275862069,7032,13541,29.0,6,0,4480,26,29,28,1,False,1,1,0,1,0,1,1,True,1.0,0,105,0,105,8,11,0,1,3,0,10,62,7,25,0,5,0,6,0,23,12,11,7,22,9,12,37,74,7,63,49,15,57,13,74,55,1,3,1,57,118,7,24,63,0,6,12,12,15,32,0,80,14,0,17,66,9,52,0,24,4,42,15,56,234,3,0,104,14,49,0,4,1,4,5,12,3,21,24,8,46,47,48,49,47,47,1,47,0,0,0,29,14,1,0,0,0,15,0,0,0,0,1,1,0,16,2,5,20,1,2,0,0,0,1,0,4,0,65,0,0,6,0,1,0,0,13,11,10,7,0,1,0,0,9,8,0,0,10,9,16,0,1,1,1,9,3,0,0,29,0,6,0,0,0,1,66,2,6,0,0
13,13,6,13.0,4,1,2700.692307692308,10064.0,15233,0.3509781944161402,128,2664.3846153846152,15233,39256,0.01202363969839,13778,0.1429590381088241,0.0032606480538006,True,1048.7333333333331,5612,13778,30.0,7,0,472,27,30,28,2,False,1,1,0,1,0,1,1,True,1.0,1,160,0,160,17,1,0,8,14,2,16,11,23,25,2,2,0,3,0,11,23,9,13,19,14,7,7,76,13,76,41,22,39,16,76,83,2,4,1,94,90,7,48,25,0,6,12,23,22,27,40,83,20,0,25,44,14,17,1,24,1,25,22,58,11,41,9,86,16,79,4,8,8,6,6,31,21,23,48,12,42,43,44,44,43,43,3,43,0,0,6,6,17,0,0,0,0,4,2,0,2,0,0,7,0,13,4,14,22,0,1,0,0,0,5,0,4,1,176,0,0,17,0,3,0,0,19,1,23,8,0,6,0,0,5,3,2,0,12,27,20,0,1,4,3,7,10,3,0,53,13,6,1,0,0,2,35,9,1,0,0
13,13,6,13.0,4,1,561.9230769230769,5056.0,2400,0.0699199337382661,16,557.0,2400,14488,0.0033130866924351,1013,0.0071093318608503,0.0011043622308117,True,160.51724137931035,103,1013,29.0,6,0,48,26,29,28,1,False,1,1,0,1,0,1,1,True,1.0,0,34,0,34,5,1,0,0,0,0,6,4,1,2,0,0,0,2,0,7,6,17,1,4,1,0,0,17,1,22,5,1,6,6,17,20,0,2,0,22,7,0,3,2,0,3,2,6,1,4,0,20,0,0,1,9,1,3,0,4,0,1,1,14,0,0,0,16,2,45,2,1,0,3,0,7,1,5,3,8,11,12,13,14,12,12,0,12,0,0,0,2,1,0,0,0,0,1,1,0,0,0,0,0,0,1,0,1,2,0,1,0,0,0,0,0,2,0,5,0,0,1,0,0,0,0,0,1,4,1,0,2,0,0,1,0,0,0,1,2,1,0,1,0,1,0,1,0,0,1,1,2,0,0,0,0,3,1,1,0,0
13,13,6,13.0,4,1,951.4615384615385,6944.0,3685,0.1915055248618784,8,945.9230769230768,3685,14480,0.0033149171270718,2773,0.0962707182320442,0.0005524861878453,True,329.86206896551727,1394,2773,29.0,6,0,48,26,29,28,1,False,1,1,0,1,0,1,1,True,1.0,0,63,0,63,8,0,0,1,1,1,9,8,14,4,1,1,0,1,0,5,7,16,2,3,4,2,1,29,2,29,8,5,3,5,29,36,2,2,2,37,28,1,8,18,0,4,3,7,5,4,2,32,10,0,4,21,4,11,0,4,0,3,5,31,20,2,0,39,2,53,1,0,2,3,0,11,1,13,8,7,25,26,27,28,26,26,1,26,0,0,0,7,2,0,0,0,0,3,0,0,0,0,0,0,0,4,0,1,9,0,1,0,0,0,0,0,1,0,18,0,0,2,0,1,0,1,1,4,2,0,0,1,0,0,2,0,0,0,3,4,4,0,0,0,1,1,0,0,0,9,0,1,0,0,0,0,17,1,1,0,0
13,13,6,13.0,4,1,1633.923076923077,10352.0,9989,0.2808542258981649,20,1629.3076923076924,9989,30952,0.0015507883173946,8693,0.016283277332644,0.0006461617989144,True,600.3,504,8693,30.0,7,0,48,27,30,28,2,False,1,1,0,1,0,1,1,True,1.0,0,119,0,119,10,0,0,3,5,0,11,9,3,13,0,2,0,3,0,17,20,6,13,15,31,3,14,67,15,69,21,40,33,13,67,64,0,2,0,67,37,2,35,7,0,3,15,20,40,29,4,71,13,0,21,41,33,10,0,17,0,12,42,43,0,2,3,67,21,43,7,1,1,4,3,11,15,18,35,8,37,38,39,40,38,38,0,38,0,0,2,9,13,0,1,0,1,4,0,2,0,0,0,2,0,14,0,17,10,0,2,0,0,0,3,0,2,1,66,0,1,3,0,3,0,0,6,1,9,4,0,2,0,0,13,3,0,0,8,28,39,0,0,2,2,12,7,8,0,27,16,5,0,0,0,3,20,21,3,0,0
13,13,6,13.0,4,1,9107.46153846154,24912.0,71217,0.5408300524934383,720,9027.46153846154,71217,121920,0.0083989501312335,65938,0.082144028871391,0.0059055118110236,True,3603.129032258064,10015,65938,31.0,7,0,1024,27,31,29,2,False,1,1,0,1,0,1,1,True,1.0,0,542,0,542,28,6,0,8,102,3,37,173,27,151,9,23,7,21,2,89,109,47,53,111,76,32,74,357,53,368,157,110,216,124,357,274,26,14,11,318,517,32,227,42,0,33,73,109,110,168,28,383,180,0,118,250,77,167,0,150,21,86,113,214,1,22,26,213,89,172,23,12,43,5,49,37,99,174,227,17,161,162,164,165,162,163,2,162,8,0,15,132,115,4,1,1,0,21,16,9,6,0,3,5,1,67,1,75,72,12,12,1,0,3,23,0,24,9,436,0,1,47,3,30,1,5,66,4,131,17,0,13,2,0,17,43,4,0,43,56,113,0,1,33,13,69,51,9,0,167,32,41,3,0,0,18,360,54,23,2,0
13,13,6,13.0,4,1,3977.923076923077,11072.0,31205,0.5296375036033439,72,3879.4615384615386,31205,55504,0.0226289997117324,29397,0.0741568175266647,0.0012972038051311,True,1651.2413793103449,4116,29397,29.0,6,0,1256,26,29,28,1,False,1,1,0,1,0,1,1,True,1.0,0,197,0,197,19,5,0,14,18,1,24,100,8,77,6,21,14,17,2,44,55,10,28,57,40,27,32,159,28,178,66,53,47,60,159,99,3,11,3,114,174,11,108,22,0,41,32,55,53,92,2,165,43,0,52,105,40,63,0,73,2,59,53,70,68,14,9,164,45,83,2,4,6,12,19,25,19,60,108,13,53,54,55,56,54,54,1,54,0,0,6,52,12,0,0,0,0,17,2,1,1,0,1,2,0,24,0,36,42,7,6,2,0,0,11,0,12,0,212,0,0,16,1,7,0,1,23,20,12,7,0,5,0,0,15,23,0,0,21,27,58,0,2,4,5,22,22,3,0,45,11,32,1,0,0,7,114,3,11,0,0
13,13,6,13.0,4,1,1101.6153846153843,11120.0,5368,0.1133127921801954,28,1100.076923076923,5368,18824,0.0008499787505312,2133,0.0208244793880153,0.0014874628134296,True,357.3225806451613,392,2133,31.0,7,0,16,27,31,29,2,False,1,1,0,1,0,1,1,True,1.0,0,110,0,110,11,1,0,0,7,0,12,14,1,4,1,0,1,2,1,19,6,12,3,3,3,2,4,54,3,22,32,3,10,6,54,60,0,2,0,61,42,0,6,1,0,6,4,6,3,1,2,57,15,0,5,29,3,15,0,4,1,0,3,52,0,1,2,55,5,27,1,1,2,3,6,9,4,12,6,8,48,49,50,51,49,49,1,49,0,0,2,10,6,0,0,0,0,1,1,0,0,0,0,1,0,2,0,2,6,0,1,0,0,0,0,0,1,0,14,0,0,1,0,2,0,0,0,1,7,1,1,1,0,0,1,0,0,0,1,3,3,0,0,1,2,3,1,0,0,4,3,1,0,0,0,0,34,3,1,0,0
11,11,5,11.0,4,1,923.0,5264.0,3117,0.189963908939478,16,919.3636363636364,3117,14408,0.0016657412548584,2737,0.0396307606885063,0.0011104941699056,True,272.57142857142856,571,2737,28.0,7,0,24,25,28,27,1,False,1,1,0,1,0,1,1,True,1.0,0,0,0,0,7,5,0,1,0,0,11,8,2,11,0,0,0,4,1,11,7,13,3,5,3,2,0,6,3,52,10,3,12,4,6,0,0,4,0,0,20,4,8,6,0,3,1,7,3,7,1,12,5,0,4,12,3,9,0,4,0,22,3,2,17,5,0,14,3,40,4,2,0,4,4,12,5,4,8,7,0,0,0,0,0,0,0,0,0,18,0,6,11,0,0,0,0,2,0,0,0,19,0,0,0,5,0,4,12,1,2,0,0,0,0,0,3,0,21,19,0,6,0,2,0,0,2,1,12,2,0,1,0,0,5,0,0,0,1,6,5,0,0,3,1,1,1,0,0,17,0,3,1,0,0,0,8,4,2,0,0
13,13,6,13.0,4,1,2828.692307692308,10496.0,17121,0.3576766931168112,128,2794.846153846154,17121,43352,0.0101494740727071,15506,0.1049778556929322,0.0029525742756966,True,1097.3,4551,15506,30.0,7,0,440,27,30,28,2,False,1,1,0,1,0,1,1,True,1.0,1,171,0,171,12,1,0,8,17,1,16,13,24,32,2,2,0,4,0,16,26,24,15,22,18,10,7,83,15,94,56,24,42,18,83,86,3,2,2,99,116,2,55,24,0,5,17,26,24,31,40,87,29,0,25,59,18,25,1,28,10,26,24,60,25,41,10,92,19,77,2,15,7,4,10,31,24,24,56,11,47,48,49,49,48,48,5,48,0,0,5,9,18,0,0,0,0,4,2,0,2,0,0,7,0,15,5,16,26,0,1,0,0,0,5,0,6,1,193,0,0,19,0,5,0,1,20,2,21,10,2,6,0,0,4,3,2,0,10,25,22,0,1,4,4,9,11,3,0,67,13,7,1,0,0,2,42,8,1,0,0
13,13,6,13.0,4,1,5383.461538461538,11664.0,18789,0.3855546723193782,1974,2903.3076923076924,35120,45288,0.7117117117117117,32232,0.1470588235294117,0.0435877053524112,True,2232.0666666666666,6660,17461,30.0,6,0,32232,26,30,29,1,False,1,1,0,1,0,1,1,True,1.0,0,113,0,113,11,2,0,4,2,0,9,14,8,30,2,11,1,9,3,33,27,11,17,14,20,6,27,75,17,74,58,23,77,15,75,62,2,2,1,68,141,17,50,17,0,6,22,27,22,43,7,79,26,0,23,73,20,57,0,31,2,40,22,49,778,5,4,87,26,41,4,5,10,4,5,16,22,23,50,7,38,39,40,41,39,39,1,39,3,0,9,16,26,3,0,2,3,4,11,7,0,0,4,2,0,23,2,14,20,5,2,2,0,0,5,0,11,1,200,0,4,13,1,2,1,0,18,5,55,13,0,1,0,0,12,5,0,0,19,33,21,0,1,1,3,7,17,2,0,56,8,3,0,0,0,0,75,2,9,1,0
11,11,5,11.0,4,1,931.7272727272727,5456.0,3229,0.1977373681288173,16,928.0909090909092,3229,14408,0.0016657412548584,2849,0.0407412548584119,0.0011104941699056,True,276.2142857142857,587,2849,28.0,7,0,24,25,28,27,1,False,1,1,0,1,0,1,1,True,1.0,0,0,0,0,8,4,0,0,0,0,11,7,2,9,0,0,0,4,1,11,8,13,3,7,3,2,0,8,3,52,10,3,20,4,8,2,1,4,0,0,15,3,7,4,0,3,3,8,3,8,0,13,2,0,5,22,3,9,0,4,0,21,3,3,1,0,0,16,4,41,2,1,0,4,4,12,6,4,7,6,0,0,0,0,0,0,0,0,0,18,0,6,18,0,0,0,0,2,0,0,0,19,0,0,0,5,0,4,9,1,2,0,0,0,0,0,3,0,28,19,0,9,0,2,0,0,4,1,17,0,0,1,0,0,5,0,0,0,1,6,5,0,0,3,1,1,1,0,0,20,0,4,0,0,0,0,10,7,2,0,0
13,13,6,13.0,4,1,1077.0,5200.0,5765,0.2673314846416382,16,1067.7692307692307,5765,18752,0.0055460750853242,5013,0.0697525597269624,0.0008532423208191,True,378.9333333333333,1308,5013,30.0,6,0,104,26,30,29,1,False,1,1,0,1,0,1,1,True,1.0,0,56,0,56,13,0,0,0,0,0,9,8,3,8,0,0,0,2,0,6,10,10,4,5,4,5,11,34,4,35,2,4,36,7,34,29,0,2,1,31,19,3,9,2,0,5,5,10,4,12,0,37,4,0,6,17,4,6,0,8,1,4,4,25,46,0,0,47,4,52,2,2,0,3,4,13,7,5,9,7,20,21,22,23,21,21,1,21,0,0,1,5,7,4,0,0,0,1,0,1,2,0,0,0,0,7,1,2,6,2,2,3,0,0,3,0,4,0,87,0,0,4,0,1,13,4,5,2,20,1,0,2,0,2,2,6,0,0,6,5,3,0,0,0,1,2,2,0,0,7,1,1,0,0,0,0,24,3,1,0,0
13,13,6,13.0,4,1,5908.692307692308,10848.0,48641,0.600031325049598,704,5890.846153846154,48641,76616,0.0030280881278062,45972,0.1336143886394487,0.0091886812154119,True,2506.310344827586,10237,45972,29.0,6,0,232,26,29,28,1,False,1,1,0,1,0,1,1,True,1.0,0,271,0,271,62,3,2,283,558,4,81,119,3,11,43,54,305,9,37,27,5,31,1,3,1,113,138,83,1,606,27,1,238,88,83,88,27,24,1,88,1227,8,4,40,0,273,1,5,1,0,0,97,307,0,4,702,1,341,1,1,5,62,1,84,18,51,21,27,1,114,9,8,0,6,388,26,0,153,4,9,80,81,82,83,81,81,57,81,1,0,0,21,0,20,3,1,0,5,0,5,15,0,63,71,0,98,3,1,345,28,1,22,0,0,123,1,70,1,763,0,0,4,1,0,0,10,6,31,0,8,2,1,8,1,1,49,14,32,1,2,30,4,1,0,1,0,2,8,0,102,99,7,0,11,0,0,352,0,1,8,0
13,13,6,13.0,4,1,2644.076923076923,10640.0,16017,0.3668738536784185,128,2612.692307692308,16017,39256,0.0103933156714897,14402,0.0973099653556144,0.0032606480538006,True,1021.0333333333332,3820,14402,30.0,7,0,408,27,30,28,2,False,1,1,0,1,0,1,1,True,1.0,1,171,0,171,15,1,0,11,15,2,19,10,20,29,2,1,0,5,0,23,24,6,14,19,15,5,16,78,14,93,40,23,43,20,78,86,2,2,2,97,103,5,52,20,0,5,15,24,23,26,40,82,30,0,28,52,15,19,1,24,3,25,23,60,11,41,9,84,18,75,2,7,8,5,6,32,21,31,52,13,47,48,49,49,48,48,2,48,0,0,6,11,21,0,0,0,0,4,2,0,2,0,0,5,0,14,4,15,21,0,1,0,0,0,7,0,6,1,188,0,0,16,0,5,0,0,20,2,22,8,0,6,0,0,4,2,2,0,11,26,21,0,1,7,3,9,14,3,0,54,13,6,1,0,0,3,39,10,2,0,0
13,13,6,13.0,4,1,32122.53846153846,21408.0,204053,0.5595895087986388,2552,28138.46153846154,204053,357328,0.1448752966462186,199957,0.2626746294720817,0.0071418976402632,True,13036.290322580646,93861,199957,31.0,8,0,51768,28,31,28,3,False,1,1,0,1,0,1,1,True,1.0,8,752,0,752,104,15,18,173,554,13,137,368,77,441,159,163,1368,129,4,171,256,100,140,238,180,115,154,599,140,1248,205,218,404,372,599,338,76,61,90,406,1041,91,509,76,0,57,164,256,218,405,75,645,467,0,229,418,180,520,7,369,40,167,218,265,9,110,115,457,217,355,61,126,77,81,414,52,136,411,509,35,124,125,127,128,125,126,108,125,46,0,24,220,137,24,1,15,11,54,16,68,21,0,68,114,30,291,49,134,349,47,15,22,2,34,221,3,256,32,3815,0,6,144,45,30,12,10,231,24,190,71,5,18,1,3,107,219,31,28,158,150,275,6,16,41,31,95,115,86,10,354,187,38,2,47,7,24,1062,95,105,20,0
13,13,6,13.0,4,1,68385.30769230769,37488.0,532485,0.6442653859662816,21560,63694.15384615384,532485,819968,0.0743638776147361,528277,0.1500119516859194,0.0262937090227911,True,27969.83870967742,123005,528277,31.0,8,0,60976,28,31,28,3,False,1,1,0,1,0,1,1,True,1.0,11,1665,0,1665,181,56,23,309,679,27,196,847,289,1008,248,392,1406,340,30,497,640,212,466,641,604,223,332,1372,468,2311,690,789,1184,816,1372,789,175,59,238,1113,1925,262,1601,284,0,138,609,640,793,958,230,1420,702,0,758,1318,607,759,9,998,26,431,797,538,4,396,251,1341,731,1029,193,289,289,127,504,524,494,1159,1601,143,128,129,130,131,129,129,114,129,78,0,154,879,372,27,5,57,94,166,88,284,102,0,138,139,83,1009,269,475,871,90,109,22,9,200,444,17,808,62,6966,0,46,492,191,54,25,44,706,106,651,306,4,41,2,18,400,387,40,27,340,512,940,15,73,123,50,325,416,194,36,1054,383,55,24,50,21,83,2370,116,262,36,0
13,13,6,13.0,4,1,1556.3846153846157,10336.0,5992,0.1509609654350417,9,1549.6923076923076,5992,26848,0.00238379022646,4053,0.081011620977354,0.0003352205005959,True,539.1,2175,4053,30.0,7,0,64,27,30,28,2,False,1,1,0,1,0,1,1,True,1.0,0,96,0,96,6,0,0,0,1,4,10,4,9,9,0,0,0,1,1,8,9,26,3,6,5,0,0,51,3,40,16,6,33,3,51,52,0,4,0,55,30,1,9,16,0,5,3,9,6,10,9,57,0,0,3,37,5,15,0,12,28,7,6,43,165,5,0,61,7,35,5,1,0,10,1,7,5,4,9,7,39,40,41,42,40,40,0,40,0,0,1,16,14,0,0,0,0,4,0,0,0,0,0,0,0,4,0,4,4,1,2,0,0,1,0,0,0,0,7,0,0,1,0,3,0,0,2,4,14,0,0,1,0,0,2,0,0,0,3,5,6,1,0,0,1,6,4,0,0,8,0,5,0,0,0,0,9,4,1,0,0
13,13,6,13.0,4,1,1486.2307692307693,12448.0,6773,0.2110856042654028,16,1481.3076923076924,6773,27008,0.0017772511848341,5701,0.0855672393364928,0.0005924170616113,True,513.3225806451613,2311,5701,31.0,7,0,48,27,31,29,2,False,1,1,0,1,0,1,1,True,1.0,0,72,0,72,6,1,0,1,0,0,12,71,4,13,0,5,1,1,1,17,27,23,3,10,3,4,9,36,3,35,15,3,19,7,36,40,0,3,0,38,74,0,8,7,0,4,3,27,3,28,0,48,14,0,4,64,3,14,0,6,12,10,3,35,33,0,1,54,3,47,0,1,0,5,0,10,0,6,8,7,30,31,32,33,31,31,2,31,4,0,1,6,2,0,0,0,0,4,0,0,11,0,0,0,0,1,0,3,8,3,1,1,0,0,5,0,0,1,28,0,0,3,0,0,0,0,1,1,13,3,0,1,0,0,3,3,0,0,3,4,5,0,0,0,2,1,1,0,0,7,2,2,0,0,0,0,25,0,5,0,0
13,13,6,13.0,4,1,2274.538461538461,11584.0,9365,0.2413883089770355,3632,2272.076923076923,9365,34488,0.0004639294827186,8325,0.1053119925771282,0.1053119925771282,True,915.4827586206897,3632,8325,29.0,6,0,16,26,29,28,1,False,1,1,0,1,0,1,1,True,1.0,0,87,0,87,9,1,0,3,0,0,10,23,1,18,0,2,0,2,0,16,12,10,5,12,15,3,6,46,5,89,13,26,36,14,46,47,0,2,0,53,80,3,27,6,0,3,6,12,26,9,11,52,0,0,16,48,15,19,0,14,3,24,26,39,0,11,1,56,8,41,1,15,1,7,0,28,16,5,27,8,29,30,31,32,30,30,1,30,0,0,1,5,2,0,0,0,0,1,0,1,1,0,0,0,0,18,0,14,19,0,2,0,0,0,0,0,8,0,80,0,0,7,0,2,1,0,6,2,10,4,0,2,0,0,17,0,0,0,10,24,26,0,0,1,1,8,10,0,0,32,10,1,2,1,0,1,23,0,6,0,0
13,13,6,13.0,4,1,3542.538461538461,14144.0,23345,0.4542965459140691,160,3505.6153846153848,23345,47480,0.0101095197978096,21570,0.1283066554338668,0.0033698399326032,True,1396.1666666666667,6092,21570,30.0,7,0,480,27,30,28,2,False,1,1,0,1,0,1,1,True,1.0,1,188,0,188,17,3,1,12,21,2,18,15,21,32,4,3,0,6,0,39,30,12,16,24,20,10,9,101,16,133,45,29,70,19,101,94,4,4,6,110,123,2,58,29,0,10,16,30,29,39,46,109,33,0,25,55,20,37,1,31,6,33,29,68,126,45,13,114,23,88,30,16,12,7,14,28,27,33,58,12,52,53,54,54,53,53,2,53,4,0,14,16,27,0,0,0,0,5,3,0,3,0,14,7,0,19,6,18,51,3,2,1,0,0,14,0,10,5,242,0,0,22,1,4,0,2,38,2,41,11,0,9,0,0,8,4,2,0,18,28,29,0,1,16,3,12,19,7,0,64,12,7,1,0,12,2,66,9,1,0,0
13,13,6,13.0,4,1,1004.0769230769232,6528.0,4033,0.1967325645249862,16,999.1538461538462,4033,14568,0.0032948929159802,2866,0.0461971444261394,0.00109829763866,True,335.3,673,2866,30.0,7,0,48,27,30,28,2,False,1,1,0,1,0,1,1,True,1.0,0,84,0,84,7,1,0,2,13,0,10,11,3,4,0,0,0,1,0,9,7,19,3,6,5,2,4,39,3,30,14,5,26,8,39,41,0,2,0,45,28,1,11,3,0,3,3,7,5,3,0,42,17,0,10,37,5,4,0,3,0,1,5,39,0,0,0,43,6,48,2,2,0,4,9,9,4,6,11,9,33,34,35,35,34,34,0,34,0,0,0,11,19,1,0,0,0,2,0,0,0,0,0,0,0,5,0,3,3,1,1,1,0,0,0,0,2,0,9,0,0,0,0,1,0,0,1,1,14,3,0,1,0,0,4,0,0,0,2,5,6,0,0,1,1,1,2,1,0,13,2,4,0,0,0,0,20,11,1,0,0
13,13,6,13.0,4,1,969.6153846153846,6448.0,4080,0.1571938495332235,16,964.6923076923076,4080,14568,0.0032948929159802,2290,0.057386051619989,0.00109829763866,True,317.4,836,2290,30.0,7,0,48,27,30,28,2,False,1,1,0,1,0,1,1,True,1.0,0,77,0,77,7,0,0,0,9,0,7,7,3,5,0,0,0,1,1,18,7,18,2,2,4,1,3,36,2,27,9,4,23,9,36,41,0,2,0,42,31,1,5,3,0,3,2,7,4,1,0,39,18,0,4,24,4,7,0,2,0,1,4,35,15,0,0,42,4,54,1,1,0,3,4,15,1,7,5,8,32,33,34,35,33,33,1,33,0,0,0,6,15,0,0,0,0,2,0,0,0,0,0,1,2,3,0,2,3,0,1,0,0,0,0,0,0,0,11,0,0,2,0,2,0,0,6,1,14,0,0,1,0,0,2,0,0,0,1,3,4,0,0,0,1,2,1,0,0,12,1,2,0,0,0,0,21,8,1,0,0
13,13,6,13.0,4,1,683.7692307692307,5088.0,2552,0.1291621179039301,24,679.4615384615385,2552,14656,0.0032751091703056,1893,0.0281113537117903,0.0016375545851528,True,210.4,412,1893,30.0,6,0,48,26,30,29,1,False,1,1,0,1,0,1,1,True,1.0,0,42,0,42,5,0,0,1,0,0,5,3,2,4,0,0,0,2,0,4,6,16,3,2,3,1,1,19,3,41,7,3,4,4,19,24,0,2,0,27,17,0,5,6,0,3,3,6,3,3,0,22,0,0,1,14,3,1,0,5,0,3,3,17,23,0,0,22,4,46,0,0,0,3,0,10,2,4,5,8,14,15,16,17,15,15,0,15,0,0,0,3,5,0,0,0,0,1,0,0,0,0,0,0,0,2,0,1,9,0,1,0,0,0,1,0,2,0,13,0,0,0,0,1,0,0,0,1,6,1,0,1,0,0,3,1,0,0,2,4,3,0,0,1,2,0,3,0,0,6,0,1,0,0,0,0,9,1,1,0,0
13,13,6,13.0,4,1,2481.3076923076924,11424.0,13893,0.3091109064865971,48,2382.230769230769,13893,39096,0.0325352977286678,12085,0.1530847145488029,0.0012277470841006,True,1002.8620689655172,5985,12085,29.0,6,0,1272,26,29,28,1,False,1,1,0,1,0,1,1,True,1.0,0,135,0,135,9,1,0,0,9,0,15,70,9,18,1,2,1,5,0,14,13,10,10,10,13,9,12,77,10,124,44,19,56,17,77,72,4,3,7,74,103,8,32,19,0,6,15,13,19,26,5,82,21,0,14,89,13,22,0,14,0,9,19,60,21,4,4,93,21,32,0,5,4,4,3,11,21,38,32,7,53,54,55,56,54,54,0,54,1,0,4,27,14,0,0,0,1,21,4,0,3,0,0,1,0,13,3,11,19,1,2,0,0,0,5,1,1,1,96,0,0,30,1,4,0,0,10,15,19,4,0,1,0,0,6,7,0,0,6,18,20,0,1,4,3,11,6,3,0,45,0,4,0,1,0,6,49,6,6,0,0
13,13,6,13.0,4,1,1203.7692307692307,9824.0,6101,0.2705588610284742,16,1203.1538461538462,6101,18824,0.0004249893752656,5093,0.0851572460688482,0.0008499787505312,True,407.9354838709677,1603,5093,31.0,7,0,8,27,31,29,2,False,1,1,0,1,0,1,1,True,1.0,0,67,0,67,7,0,0,0,2,0,11,46,53,7,1,0,0,2,0,26,6,10,2,2,2,0,3,31,2,26,17,2,90,3,31,36,0,3,0,37,58,0,1,2,0,3,3,6,2,1,3,38,5,0,1,27,2,9,0,1,1,4,2,31,53,2,0,38,3,57,0,0,2,3,0,7,6,9,1,7,28,29,30,31,29,29,0,29,0,0,3,3,29,0,0,0,0,41,1,0,1,0,0,0,0,1,0,1,34,0,1,0,0,0,0,0,0,0,15,0,0,11,0,1,0,0,8,1,29,1,0,1,0,0,1,0,0,0,1,2,2,0,0,1,1,1,2,0,0,44,0,1,0,0,0,0,23,4,1,0,0
13,13,6,13.0,4,1,9488.692307692309,52784.0,50053,0.3728671395705521,44,9453.307692307691,50053,125184,0.0035148261758691,46677,0.0527862985685071,0.0003514826175869,True,3802.766666666667,6608,46677,30.0,7,0,440,27,30,28,2,False,1,1,0,1,0,1,1,True,1.0,11,417,0,417,16,2,0,23,55,1,27,85,27,42,32,20,12,46,0,43,44,37,49,47,54,9,25,193,49,411,62,82,117,21,193,179,10,5,9,208,452,48,198,92,0,5,60,44,82,79,21,203,98,0,129,123,54,231,6,88,10,49,82,135,30,60,27,125,82,246,15,39,12,8,28,33,98,48,198,10,102,103,104,104,103,103,0,103,0,0,4,56,35,0,2,1,0,7,0,6,1,0,1,2,1,39,1,31,107,9,7,1,0,0,21,0,26,0,574,0,0,26,5,15,0,0,39,8,48,37,0,64,0,0,23,37,0,0,32,48,76,5,3,10,5,37,62,1,0,69,25,14,1,0,0,2,398,6,9,5,0
13,13,6,13.0,4,1,21978.846153846152,46624.0,48145,0.3274795189123235,256,11524.076923076924,152696,137688,0.9871012724420428,135912,0.1154639474754517,0.0018592760443902,True,8843.933333333332,15898,45090,30.0,7,0,135912,27,30,28,2,False,1,1,0,1,0,1,1,True,1.0,1,472,0,472,35,2,0,14,98,1,26,133,8,66,4,8,4,5,13,67,47,21,20,65,30,41,41,217,20,471,105,49,239,61,217,200,11,12,3,236,454,12,132,35,0,30,32,47,49,89,8,227,149,0,81,139,30,119,0,98,4,155,49,120,744,81,41,99,34,279,8,3,3,18,68,46,41,148,132,13,92,93,94,95,93,93,5,93,2,0,5,69,68,2,0,0,5,4,4,5,2,0,0,3,3,41,1,22,63,6,2,2,0,5,8,0,29,5,310,0,2,65,4,7,0,2,89,4,32,16,4,6,0,0,15,23,2,0,35,33,53,0,4,5,1,20,28,12,0,107,11,5,0,0,0,1,219,85,3,0,0
13,13,6,13.0,4,1,2336.076923076923,15072.0,13685,0.3262886025327705,976,2321.3076923076924,13685,36008,0.0048878027105087,11749,0.0886469673405909,0.0271050877582759,True,904.5666666666668,3192,11749,30.0,7,0,176,27,30,28,2,False,1,1,0,1,0,1,1,True,1.0,0,127,0,127,10,2,1,14,11,0,7,35,12,29,0,2,4,5,0,24,22,9,10,10,13,15,12,80,10,40,34,15,34,28,80,67,1,2,3,66,126,16,29,2,0,10,11,22,15,10,4,86,19,0,18,38,13,47,0,17,3,26,15,71,170,8,1,97,18,37,13,5,4,3,5,9,14,49,29,8,57,58,59,60,58,58,1,58,0,0,1,25,26,0,0,0,0,6,0,0,1,0,1,3,0,7,0,6,20,2,1,2,0,0,3,0,1,0,91,0,0,4,1,6,0,0,8,3,29,5,1,3,0,0,3,3,0,0,10,13,17,0,0,1,3,7,9,0,0,30,0,3,0,0,0,0,57,9,4,0,0
13,13,6,13.0,4,1,1117.0,11792.0,5496,0.1180335097001763,16,1115.7692307692307,5496,22680,0.000705467372134,2677,0.0265873015873015,0.000705467372134,True,396.3103448275862,603,2677,29.0,6,0,16,26,29,28,1,False,1,1,0,1,0,1,1,True,1.0,0,108,0,108,6,0,0,0,7,0,7,21,1,6,0,1,0,2,0,12,6,11,2,3,2,3,1,54,2,23,22,4,9,11,54,59,0,2,0,59,41,0,3,5,0,3,3,6,4,3,13,58,15,0,2,25,2,14,0,2,0,3,4,52,0,4,0,62,2,34,0,0,1,3,2,5,3,11,3,7,48,49,51,52,49,50,2,49,0,0,1,9,15,2,0,0,0,3,0,0,0,0,0,0,0,1,0,3,3,4,2,0,0,0,0,0,1,0,14,0,0,3,0,1,0,1,3,1,14,0,0,1,0,0,1,1,0,0,2,2,4,0,0,2,1,2,1,0,0,7,1,2,0,0,0,0,25,7,1,0,0
13,13,6,13.0,4,1,14635.76923076923,23584.0,109253,0.6119563177403463,304,13287.46153846154,109253,170504,0.1027072678646835,104341,0.1030357059071928,0.0017829493736217,True,6075.6,17568,104341,30.0,7,0,17512,27,30,28,2,False,1,1,0,1,0,1,1,True,1.0,4,591,0,591,29,4,0,26,81,8,43,377,24,198,14,43,10,33,1,107,122,91,101,115,146,71,98,383,101,784,202,222,174,131,383,291,22,21,11,353,519,91,337,56,0,16,127,122,222,243,50,425,143,0,175,304,146,226,0,199,38,158,223,235,763,67,45,342,185,184,31,28,35,27,91,39,158,223,337,30,148,149,154,154,149,153,7,149,3,0,19,192,140,9,0,3,7,14,19,5,4,0,5,22,23,143,29,103,179,27,23,4,0,25,38,0,66,7,1019,0,3,100,5,40,3,2,108,13,203,80,1,12,2,3,71,47,0,0,77,166,225,0,3,14,15,120,116,30,0,268,66,22,1,4,0,12,731,163,19,6,0
13,13,6,13.0,4,1,4290.846153846154,14128.0,32737,0.5180364074421094,160,4253.923076923077,32737,59768,0.0080310534065051,30962,0.1019274528175612,0.0026770178021683,True,1718.5666666666666,6092,30962,30.0,7,0,480,27,30,28,2,False,1,1,0,1,0,1,1,True,1.0,1,193,0,193,14,3,2,24,22,1,21,15,25,69,3,6,0,7,9,37,35,7,16,27,21,11,8,94,16,133,46,32,71,19,94,97,4,4,7,117,123,4,64,31,0,9,18,35,32,39,48,99,32,0,31,59,21,37,1,34,0,33,32,69,126,45,9,113,23,91,11,9,18,7,15,27,24,33,64,13,52,53,54,54,53,53,2,53,6,0,32,18,27,0,0,0,0,5,2,1,21,0,6,6,3,19,28,18,64,3,2,0,0,3,109,0,10,9,262,0,0,74,54,4,0,18,81,2,41,10,0,9,0,0,10,21,2,0,14,30,30,0,2,30,3,13,20,44,0,116,16,7,1,0,1,2,68,9,4,0,0
13,13,6,13.0,4,1,12613.0,41296.0,82853,0.4614352097077093,32,12541.615384615385,82853,166136,0.0055857851398853,76661,0.1483784369432272,0.0001926132806857,True,5230.066666666667,24651,76661,30.0,7,0,928,27,30,28,2,False,1,1,0,1,0,1,1,True,1.0,0,659,0,659,23,6,0,19,110,1,54,498,75,112,10,3,12,33,7,86,123,21,74,88,114,44,100,351,74,361,118,173,610,189,351,355,7,18,4,378,905,36,218,181,0,42,57,123,173,214,16,370,286,0,128,207,114,257,0,117,4,111,175,239,194,77,22,127,121,144,19,47,9,8,108,70,108,248,218,17,189,190,193,194,190,192,1,190,2,0,9,186,162,8,0,2,0,99,2,0,0,0,2,5,0,89,1,72,107,31,18,6,0,0,12,0,15,3,420,0,0,74,1,24,0,0,137,2,236,53,2,3,0,0,59,12,0,0,51,46,152,1,2,15,5,96,48,2,0,220,50,39,0,2,0,15,624,55,7,4,0
13,13,6,13.0,4,1,1145.923076923077,12096.0,4592,0.142276067179846,12,1137.3076923076924,4592,22864,0.0048985304408677,3253,0.0573390482855143,0.0005248425472358,True,377.8387096774193,1311,3253,31.0,8,0,112,28,31,28,3,False,1,1,0,1,0,1,1,True,1.0,0,80,0,80,6,0,0,0,1,1,7,11,7,4,0,0,0,1,0,13,8,20,2,4,2,2,0,39,2,29,18,3,19,3,39,42,0,3,0,44,40,0,5,11,0,4,3,8,3,5,8,42,1,0,3,35,2,26,0,1,6,4,3,40,82,6,0,52,3,27,0,1,0,4,0,8,0,6,5,7,34,35,36,37,35,35,0,35,0,0,2,11,13,0,0,0,0,2,0,0,0,0,0,0,0,1,2,2,7,0,1,0,0,2,1,0,1,0,6,0,0,2,0,0,0,1,1,1,5,0,0,1,0,0,2,0,0,0,2,4,2,0,0,0,1,1,1,0,0,12,0,3,0,0,0,0,24,5,1,0,0
13,13,6,13.0,4,1,3801.923076923077,25488.0,22773,0.37234825023227,41,3789.6153846153848,22773,51664,0.003096934035305,19237,0.1366522143078352,0.0007935893465469,True,1449.0645161290322,7060,19237,31.0,8,0,160,28,31,28,3,False,1,1,0,1,0,1,1,True,1.0,0,232,0,232,12,0,0,5,12,0,11,18,46,42,1,0,0,2,3,39,14,22,7,11,8,2,10,119,7,106,47,17,99,11,119,121,1,6,0,122,165,11,22,103,0,7,10,14,17,16,41,128,32,0,14,69,8,68,0,4,10,27,17,112,431,30,2,165,13,44,7,6,3,16,7,23,11,33,22,7,107,108,109,110,108,108,5,108,0,0,3,113,43,3,0,0,0,32,2,0,0,0,0,4,0,15,0,7,27,3,2,2,0,1,0,0,3,0,28,0,0,4,0,8,0,0,4,16,21,6,0,1,1,0,6,1,0,0,4,8,17,0,0,2,1,15,4,1,0,36,0,21,0,1,0,0,112,34,1,0,0
13,13,6,13.0,4,1,3694.538461538461,12048.0,18977,0.3938457279940948,128,2995.4615384615386,18977,43352,0.2096327735744602,17074,0.0962354677984868,0.0029525742756966,True,1468.2,4172,17074,30.0,7,0,9088,27,30,28,2,False,1,1,0,1,0,1,1,True,1.0,1,195,0,195,15,1,0,6,22,1,21,14,19,32,3,2,0,7,0,33,23,5,16,25,23,6,9,92,16,91,42,31,55,18,92,99,2,3,1,113,118,1,56,23,0,16,17,23,31,34,40,99,32,0,29,51,23,28,1,28,2,33,31,71,35,45,12,102,24,89,3,28,8,6,17,19,28,38,56,13,56,57,58,58,57,57,4,57,1,0,6,16,32,1,0,0,0,3,2,0,3,0,0,7,0,17,4,17,29,1,2,0,0,0,6,0,7,2,203,0,0,18,0,6,0,0,31,3,38,8,0,7,0,0,3,6,2,0,12,25,29,0,1,14,3,14,17,3,0,71,14,7,1,0,0,2,72,10,2,0,0
13,13,6,13.0,4,1,3239.769230769231,11904.0,19009,0.383972602739726,580,3201.3076923076924,19009,43800,0.0107762557077625,16818,0.1277625570776255,0.01324200913242,True,1265.7666666666669,5596,16818,30.0,7,0,472,27,30,28,2,False,1,1,0,1,0,1,1,True,1.0,1,210,0,210,15,1,0,7,19,1,17,12,22,35,2,1,0,4,0,36,26,15,13,21,16,8,12,105,13,126,34,31,54,21,105,106,2,2,1,121,98,1,52,20,0,6,12,26,31,36,42,113,30,0,27,44,16,22,1,27,14,26,31,79,181,42,12,115,17,87,2,52,7,4,11,27,37,23,52,13,65,66,67,67,66,66,2,66,1,0,8,6,22,0,0,0,0,4,2,0,2,0,0,6,0,19,4,19,27,1,1,1,0,0,4,0,8,1,174,0,1,26,0,5,0,0,30,2,31,9,0,6,0,0,9,2,2,0,13,28,28,0,2,17,3,10,17,4,0,62,13,6,1,0,0,2,68,11,1,0,0
13,13,6,13.0,4,1,2783.4615384615386,19664.0,17493,0.3792476970317298,32,2640.076923076923,17493,39080,0.047697031729785,14821,0.0996929375639713,0.000818833162743,True,1130.9655172413793,3896,14821,29.0,6,0,1864,26,29,28,1,False,1,1,0,1,0,1,1,True,1.0,0,182,0,182,9,0,0,0,10,2,16,76,11,23,0,1,0,3,2,30,14,39,8,13,11,7,9,109,8,73,39,13,80,15,109,97,1,2,0,101,140,16,41,63,0,30,9,14,13,29,6,118,36,0,24,50,11,71,0,21,8,75,13,89,3,12,3,127,12,39,2,0,1,3,9,14,8,20,41,10,80,81,82,83,81,81,1,81,0,0,10,29,18,2,2,0,0,5,2,0,0,0,0,2,0,9,0,5,20,9,2,1,0,0,2,0,2,0,72,0,0,6,0,3,0,0,21,3,29,7,0,3,0,0,7,5,0,0,6,9,12,0,0,0,1,5,6,1,0,26,3,8,0,0,0,0,60,21,6,1,0
13,13,6,13.0,4,1,2877.923076923077,11744.0,18321,0.385357076951467,128,2839.153846153846,18321,43352,0.0116257612105554,16706,0.0873777449713969,0.0029525742756966,True,1120.3333333333333,3788,16706,30.0,7,0,504,27,30,28,2,False,1,1,0,1,0,1,1,True,1.0,1,176,0,176,18,2,0,7,16,3,16,15,26,31,4,1,3,9,0,16,32,8,16,28,20,9,6,89,16,97,44,30,49,16,89,89,4,2,2,103,102,2,57,23,0,9,17,32,30,36,42,101,24,0,29,48,20,27,1,33,2,27,30,61,11,45,13,89,21,86,3,9,8,4,9,24,22,30,57,11,47,48,49,49,48,48,2,48,0,0,9,15,22,0,0,0,0,8,4,0,2,0,0,5,0,16,6,23,24,1,1,0,0,0,9,0,6,1,210,0,0,17,0,6,0,0,26,2,24,9,0,6,0,0,6,2,2,2,16,29,30,0,1,7,4,17,17,3,0,61,13,7,2,1,0,2,61,8,1,0,0
13,13,6,13.0,4,1,2558.538461538461,19520.0,12433,0.229767014101778,16,2553.6153846153848,12433,39144,0.0012262415695892,8994,0.085453709380748,0.000408747189863,True,965.8333333333334,3345,8994,30.0,7,0,48,27,30,28,2,False,1,1,0,1,0,1,1,True,1.0,0,229,0,229,9,0,0,0,37,0,10,10,3,18,0,4,0,3,0,28,15,8,7,14,12,10,6,127,7,44,34,17,66,29,127,116,1,3,2,119,97,4,25,5,0,5,9,15,17,10,18,133,51,0,18,39,12,17,0,16,6,13,17,113,139,4,2,126,16,52,1,0,0,4,26,8,15,35,25,8,104,105,106,107,105,105,5,105,0,0,2,31,31,2,0,0,0,2,3,0,0,0,0,5,0,9,2,13,14,3,1,2,0,1,2,0,2,0,53,0,0,7,0,8,0,0,8,2,34,2,1,2,0,0,6,2,0,0,5,5,17,0,0,2,4,13,4,0,0,30,1,2,0,0,0,0,90,15,4,0,0
13,13,6,13.0,4,1,2593.0,10144.0,15441,0.3522009374363155,128,2559.153846153846,15441,39256,0.0112084776849398,13826,0.0924189932749133,0.0032606480538006,True,999.1333333333332,3628,13826,30.0,7,0,440,27,30,28,2,False,1,1,0,1,0,1,1,True,1.0,1,170,0,170,15,1,0,7,15,1,19,11,25,23,2,1,0,3,0,15,21,6,14,18,15,6,6,83,14,81,42,24,35,17,83,86,3,3,1,98,96,6,46,23,0,5,14,21,24,26,40,90,23,0,24,41,15,21,1,24,1,24,24,59,11,41,10,84,16,76,4,8,8,4,7,32,22,25,46,11,47,48,49,49,48,48,2,48,0,0,5,6,16,1,0,0,0,4,2,2,2,0,0,5,0,15,5,16,25,1,1,0,0,1,4,0,5,2,176,0,0,14,0,3,0,0,19,1,20,10,0,6,0,0,5,4,2,0,10,27,22,0,1,4,3,8,14,3,0,47,12,6,2,0,0,2,33,9,3,0,0
13,13,6,13.0,4,1,814.8461538461538,5216.0,2901,0.1481657608695652,16,812.3846153846154,2901,14720,0.0021739130434782,2181,0.0440217391304347,0.0010869565217391,True,251.83870967741936,648,2181,31.0,6,0,32,27,31,29,2,False,1,1,0,1,0,1,1,True,1.0,0,58,0,58,8,0,0,2,2,0,6,19,1,6,0,0,0,1,0,1,7,9,2,7,2,2,0,28,2,32,2,5,5,7,28,33,0,2,0,35,13,1,7,0,0,4,3,7,5,5,3,31,3,0,4,21,2,2,0,4,0,1,5,22,0,1,1,24,3,54,1,0,0,4,1,13,7,8,7,8,19,20,21,22,20,20,0,20,0,0,0,7,1,1,0,0,0,2,1,1,0,0,1,0,0,3,0,5,3,0,1,0,0,0,0,0,1,0,12,0,0,0,1,1,0,0,2,2,1,1,0,1,0,0,3,0,0,0,2,4,6,0,0,1,1,2,1,0,0,5,2,10,0,0,0,2,3,5,1,0,0
14,14,6,14.0,4,1,49461.78571428572,4225424.0,461349,0.6809522250529775,504,49297.21428571428,461349,671984,0.0033929379270935,457589,0.1287768756398961,0.000750017857568,False,18989.82857142857,86536,457589,35.0,9,1,2280,31,35,31,4,True,1,1,0,1,0,1,1,True,1.0,74,1631,0,1631,103,58,9,157,217,36,160,209,131,958,171,481,250,422,93,552,662,322,390,656,593,205,164,1437,391,2243,792,809,373,425,1437,782,116,131,196,1119,2336,193,1440,351,0,66,434,662,808,1011,189,1489,772,0,753,1250,596,919,62,974,176,741,813,491,563,553,293,1475,631,1031,137,182,105,238,94,297,601,641,1440,108,114,115,116,116,115,115,69,115,56,0,86,402,164,15,4,26,22,66,49,145,25,0,53,44,38,454,76,469,777,83,56,22,2,26,390,2,314,53,5699,0,15,403,40,126,18,12,399,27,273,334,7,127,3,3,78,435,11,7,376,578,837,9,40,43,65,422,433,78,2,514,362,84,13,22,15,119,2359,58,201,37,0
13,13,6,13.0,4,1,966.2307692307692,6992.0,4021,0.2056936100491534,16,963.1538461538462,4021,14648,0.0016384489350081,3013,0.0764609503003823,0.0010922992900054,True,326.26666666666665,1120,3013,30.0,6,0,24,26,30,29,1,False,1,1,0,1,0,1,1,True,1.0,0,68,0,68,6,2,0,1,1,0,10,10,3,6,0,1,0,2,1,8,7,14,2,3,2,1,2,31,2,29,14,2,7,5,31,36,2,2,0,38,27,0,8,11,0,3,3,7,2,2,1,34,6,0,3,28,2,10,0,5,0,2,2,34,80,0,1,37,3,49,1,0,0,3,0,9,3,10,8,8,28,29,30,31,29,29,1,29,0,0,3,8,3,0,0,0,0,1,4,0,0,0,0,1,0,1,0,2,9,0,1,0,0,0,1,0,0,0,41,0,0,4,0,1,0,0,7,1,7,0,0,1,0,0,1,0,0,0,1,4,2,0,0,0,1,1,1,0,0,15,0,2,0,0,0,0,23,0,1,0,0
13,13,6,13.0,4,1,3993.923076923077,15968.0,20277,0.3518272023233301,2112,3959.4615384615386,20277,49584,0.0090351726363343,17445,0.0266214908034849,0.0425943852855759,True,1426.2903225806451,1320,17445,31.0,7,0,448,27,31,29,2,False,1,1,0,1,0,1,1,True,1.0,0,219,0,219,10,2,2,30,14,0,12,35,12,42,4,0,0,15,1,27,18,11,13,25,15,7,8,121,14,63,33,21,20,9,121,169,7,4,0,170,150,2,38,13,0,7,18,18,21,42,7,127,24,0,23,62,16,91,0,22,2,21,22,96,27,9,4,161,21,45,23,4,9,10,6,17,18,9,38,11,85,86,87,88,86,86,0,86,2,0,18,3,9,0,0,0,0,5,4,6,0,0,2,1,0,28,1,13,33,3,3,0,0,0,9,0,16,0,218,0,0,13,3,1,0,0,11,7,15,12,0,1,0,0,13,13,0,0,10,17,25,0,1,0,1,12,12,0,0,37,8,1,1,0,0,2,93,1,4,0,0
13,13,6,13.0,4,1,2213.6153846153848,11024.0,6896,0.1904094827586206,848,2191.4615384615386,6896,27840,0.0097701149425287,5301,0.0522270114942528,0.0304597701149425,True,703.0322580645161,1454,5301,31.0,7,0,272,27,31,29,2,False,1,1,0,1,0,1,1,True,1.0,0,105,0,105,10,0,0,2,8,0,8,13,11,14,0,4,0,1,0,13,9,11,3,7,4,0,4,56,3,31,27,5,13,5,56,56,1,4,1,58,47,1,9,11,0,3,5,9,5,9,3,101,13,0,7,32,4,16,0,5,0,4,5,49,116,5,0,62,5,41,1,1,2,4,4,12,6,13,9,8,44,45,46,47,45,45,0,45,0,0,2,9,9,0,0,0,0,5,1,0,0,0,0,0,0,3,0,2,10,1,1,0,0,0,1,0,3,0,44,0,0,4,0,2,0,0,8,8,11,1,0,2,0,0,2,4,0,0,3,5,5,0,0,1,2,2,4,0,0,13,0,1,0,0,0,0,24,2,4,0,0
9,9,5,9.0,2,1,7027.111111111111,36848.0,58168,0.6196363407575186,32,6991.555555555556,58168,63576,0.0050333459166981,39394,0.1205486347049201,0.0005033345916698,True,2138.8214285714284,7664,39394,28.0,7,0,320,25,28,27,1,False,1,1,0,1,0,1,1,True,1.0,0,0,0,0,15,9,0,4,11,11,13,200,13,78,20,13,0,21,65,36,18,21,9,26,10,13,60,42,9,200,95,14,132,22,42,13,8,12,2,12,417,13,48,40,0,28,13,18,14,59,5,53,85,0,26,986,10,123,0,28,10,156,14,14,267,15,9,128,20,37,15,13,5,4,5,23,17,81,48,6,0,0,0,0,0,0,3,0,4,82,5,19,66,4,0,0,1,5,3,6,7,83,5,3,0,16,1,10,132,1,0,7,0,0,19,0,12,1,339,83,0,21,4,3,0,6,25,21,98,10,0,0,0,0,10,30,0,2,27,10,13,0,3,2,46,10,12,5,1,66,0,1,0,2,0,0,107,75,16,2,0
10,10,4,10.0,2,2,195737.6,68560.0,1848380,0.7872304984599912,309,195646.1,1848380,1909080,0.0003771450122572,1502886,0.0839493368533534,0.0001618580677603,True,59542.90625,160266,1502886,32.0,11,0,720,28,32,29,3,False,1,1,0,1,0,1,1,True,1.0,48,0,10335,0,306,855,1763,775,611,165,475,1600,1100,2714,1102,970,345,1096,202,478,253,322,1550,540,1884,971,48,778,1550,6974,896,784,1252,1459,778,457,609,167,499,601,3311,1156,2090,2463,560,723,1519,253,1690,106,1817,962,1146,313,1589,1540,1884,1768,54,550,79,1391,1690,1042,96,1962,953,8647,1833,1255,994,855,717,1853,110,715,1491,3597,2090,405,0,0,0,0,0,0,730,0,169,5,200,1206,188,363,1,578,128,752,170,405,328,5,252,698,215,907,474,1,2789,508,0,84,5,523,1000,32,264,168,18104,6,61,623,277,393,273,91,770,1077,334,213,180,86,137,62,66,959,9,262,355,0,1152,891,88,221,372,52,221,204,47,910,0,221,126,350,21,115,4877,118,513,285,1
10,10,4,10.0,2,2,196654.4,67840.0,1858740,0.788259030954353,293,196565.3,1858740,1922056,0.0003621122381449,1515078,0.0822140457926303,0.0001524409278397,True,59996.84375,158020,1515078,32.0,11,0,696,28,32,29,3,False,1,1,0,1,0,1,1,True,1.0,89,0,10287,0,322,869,1770,836,556,165,520,1693,1075,2782,1128,1022,328,1183,163,513,253,274,1629,527,1920,969,49,834,1629,6827,933,732,1150,1641,834,382,708,179,551,452,3297,1021,2061,2610,537,695,1595,253,1600,110,1621,1001,1167,302,1528,1563,1920,1628,99,605,68,1380,1600,982,3892,1670,1004,7638,1871,1223,956,787,747,1847,105,726,1541,3667,2062,427,0,0,0,0,0,0,690,0,176,5,193,1027,182,427,2,579,117,653,212,484,394,5,241,820,265,909,572,1,2737,543,0,89,4,601,1039,31,227,154,19030,6,49,766,291,396,280,94,854,1055,371,201,194,97,185,70,68,948,8,258,326,0,1149,743,92,222,377,48,207,246,60,921,0,164,111,356,21,121,4883,119,507,311,1
9,9,4,9.0,2,2,237322.22222222225,202752.0,1984412,0.2547927832606164,361,237141.88888888888,1984412,5729291,0.0002387730000099,3180924,0.0300846998345868,6.300954166929207e-05,True,173512.0606060606,172364,1459782,33.0,11,0,1368,27,33,29,4,False,1,0,1,1,1,1,1,True,1.0,56,0,19927,1,648,1088,1541,795,527,212,928,1310,829,3748,1526,629,268,1116,1785,550,290,1889,1770,465,2154,1131,98,819,1771,22391,646,679,657,1281,819,745,679,9419,393,330,3116,1594,1725,2194,1200,347,1760,285,1779,219,2336,1282,1211,645,1304,1477,2155,1380,64,563,367,1369,1779,789,111,2074,1351,8656,2152,6025,1445,1102,745,13254,22,2240,1996,3292,1725,806,0,0,0,0,0,0,661,0,126,27,109,1080,382,398,6,275,115,752,182,453,329,27,124,593,220,1279,375,24,3211,473,3,170,21,295,1054,28,270,106,17719,28,48,720,221,170,152,74,675,772,458,543,214,215,215,95,35,1611,8,46,349,11,1595,1006,80,71,384,132,435,259,125,733,0,48,268,92,16,124,5349,101,321,123,1
10,10,4,10.0,2,2,195909.6,71392.0,1846588,0.7828086106757629,301,195818.1,1846588,1909072,0.00037714659269,1494438,0.082902059220396,0.0001576682283329,True,59532.15625,158266,1494438,32.0,11,0,720,28,32,29,3,False,1,1,0,1,0,1,1,True,1.0,45,0,10836,0,289,884,1745,842,607,173,432,1586,1118,2749,1104,969,354,1149,207,437,244,349,1666,523,2018,983,48,744,1666,6803,854,829,1334,1533,744,522,616,169,503,622,3282,1286,2071,2389,592,744,1633,244,1794,84,1786,936,1158,329,1577,1476,2018,1628,47,536,79,1336,1794,1003,95,1889,970,7735,1967,1293,946,864,712,1787,109,821,1508,3703,2071,414,0,0,0,0,0,0,705,0,196,5,195,1219,185,388,1,573,74,759,171,322,323,5,240,656,203,936,452,1,2879,558,0,80,6,487,945,32,251,173,17821,6,31,595,296,397,248,83,743,1135,349,232,176,85,150,61,63,964,15,271,332,0,1219,854,96,209,367,65,239,219,52,904,0,228,128,363,21,110,4987,105,504,317,1
10,10,4,10.0,2,2,193464.3,28912.0,1866180,0.7977921288937342,185,193415.6,1866180,1922576,0.0001976514842586,1533816,0.0801471567313854,9.622506470485432e-05,True,59926.0,154089,1533816,32.0,11,0,380,28,32,29,3,False,1,1,0,1,0,1,1,False,0.0,11,0,9765,0,174,1663,0,840,2,2,505,0,0,1758,0,1,4,0,164,502,278,739,2,506,26,1108,2611,778,2,5021,835,0,0,1600,778,523,0,244,0,391,1,1152,1943,0,586,0,58,278,1,105,48,1079,10,0,1464,1708,26,0,0,492,47,1621,0,946,3892,1,0,4740,1,1102,709,935,2068,344,27,637,1540,12,1943,72,0,0,0,0,0,0,2894,0,137,0,455,0,0,0,0,746,160,0,318,468,496,0,177,2251,159,783,398,0,3928,0,0,509,44,271,1396,22,348,214,27211,0,109,935,238,139,134,184,1337,787,0,26,659,62,350,29,45,2023,34,0,492,32,0,5,481,517,1086,34,135,450,62,1337,0,0,18,0,23,0,0,0,139,0,1
9,9,4,9.0,2,2,237347.11111111112,202752.0,1984636,0.254827794171683,361,237166.7777777777,1984636,5728755,0.0002387953403488,3180924,0.0301154439315348,6.301543703649397e-05,True,173502.60606060605,172524,1459846,33.0,11,0,1368,27,33,29,4,False,1,0,1,1,1,1,1,True,1.0,56,0,19931,0,626,1088,1541,795,527,212,937,1310,829,3767,1526,629,268,1116,1785,549,290,1888,1770,465,2154,1099,97,819,1771,22391,645,679,657,1281,819,737,679,9419,393,330,3116,1594,1725,2196,1200,347,1760,285,1779,219,2336,1283,1210,645,1304,1477,2155,1380,64,563,367,1395,1779,788,111,2074,1351,8670,2152,6022,1445,1102,745,13257,22,2240,1996,3292,1725,807,0,0,0,0,0,0,661,0,126,27,109,1080,382,398,6,275,115,752,182,453,329,27,124,593,220,1279,375,24,3213,473,3,170,21,295,1054,28,270,106,17722,28,48,720,221,170,152,74,675,772,458,543,214,215,215,95,35,1611,8,46,349,11,1595,1006,80,71,384,132,435,259,125,733,0,48,268,92,16,124,5349,101,321,123,1
10,10,4,10.0,2,2,196654.4,67840.0,1858740,0.788259030954353,293,196565.3,1858740,1922056,0.0003621122381449,1515078,0.0822140457926303,0.0001524409278397,True,59996.84375,158020,1515078,32.0,11,0,696,28,32,29,3,False,1,1,0,1,0,1,1,True,1.0,89,0,10287,0,322,869,1770,836,556,165,520,1693,1075,2784,1128,1022,328,1183,163,513,253,274,1629,527,1920,969,49,834,1629,6827,933,732,1150,1641,834,382,708,179,551,452,3297,1021,2061,2610,537,695,1595,253,1600,110,1621,1001,1167,302,1528,1563,1920,1628,99,605,68,1380,1600,982,3891,1670,1004,7638,1871,1223,956,787,747,1847,105,726,1541,3667,2062,427,0,0,0,0,0,0,690,0,176,5,193,1027,182,427,2,579,117,653,212,484,394,5,241,820,265,909,572,1,2737,543,0,89,4,601,1039,31,227,154,19030,6,49,766,291,396,280,94,854,1055,371,201,194,97,185,70,68,948,8,258,326,0,1149,743,92,222,377,48,207,246,60,921,0,164,111,356,21,121,4883,119,507,311,1
9,9,5,9.0,4,1,627.2222222222222,4368.0,2064,0.0673532196969697,16,624.5555555555555,2064,16896,0.0014204545454545,1656,0.006155303030303,0.0009469696969696,True,236.67857142857144,104,1138,28.0,7,1,24,23,28,28,0,False,0,0,1,1,1,1,1,True,1.0,0,0,0,0,5,4,1,11,21,2,5,2,0,4,0,0,8,1,0,6,5,34,0,0,0,4,0,1,0,37,22,0,10,7,1,1,0,2,0,0,36,3,0,2,0,9,0,5,0,0,0,2,16,0,0,21,0,9,0,1,0,15,0,1,0,2,0,6,0,39,1,0,0,6,14,9,0,8,0,5,0,0,0,0,0,0,2,0,0,12,0,0,0,0,3,0,0,0,0,0,0,13,0,4,0,4,0,1,13,0,1,2,0,0,0,0,3,0,15,13,0,0,0,0,0,0,0,1,0,0,0,1,0,0,0,1,0,4,0,0,1,0,0,0,1,0,0,0,0,0,0,1,0,2,0,0,14,0,0,0,1
9,9,5,9.0,2,1,5250.666666666667,9392.0,40716,0.467290676716369,1672,5212.444444444444,40716,48824,0.0065541536949041,22815,0.0755161396034737,0.0342454530558741,True,1558.428571428571,3687,22815,28.0,6,0,320,25,28,27,1,False,1,1,0,1,0,1,1,True,1.0,1,0,0,0,85,106,4,144,436,9,102,41,3,110,25,5,274,12,12,28,1,11,1,0,1,30,55,3,1,511,41,1,88,86,3,2,4,16,1,0,495,6,7,8,0,307,1,1,1,0,1,11,157,0,5,94,1,188,1,3,4,99,1,2,0,61,22,8,2,42,5,5,0,6,326,32,0,101,7,9,0,0,0,0,0,0,19,0,1,71,0,14,0,6,83,1,1,3,0,3,1,72,12,27,1,75,0,3,169,7,0,1,0,1,20,0,62,0,716,72,1,8,0,0,0,1,14,5,0,30,1,0,0,0,1,16,6,36,2,0,19,2,1,0,2,0,1,2,0,45,0,17,22,11,0,14,375,0,1,8,1
11,11,4,11.0,2,3,7534.909090909091,4204798.0,76656,0.7277019809671781,1672,7489.090909090909,76656,82384,0.0058263740532142,59951,0.0449116333268595,0.0202952029520295,False,2653.9,3700,59951,30.0,8,1,480,27,30,28,2,True,1,1,0,1,0,1,1,True,1.0,11,26,156,26,29,15,4,4,19,2,32,0,0,69,8,33,0,6,0,34,17,133,13,17,18,24,8,22,13,162,36,22,0,34,22,55,4,4,9,46,314,18,126,0,1,24,22,17,22,5,163,36,29,1,101,52,18,162,0,22,105,104,22,20,0,198,7,162,21,105,25,11,13,16,10,37,48,49,126,56,0,0,0,0,0,0,11,0,11,76,33,1,68,9,16,2,1,1,63,7,4,76,0,6,1,31,15,0,56,9,0,4,0,2,4,14,15,3,575,77,1,44,1,0,1,0,29,11,86,17,1,5,1,0,1,11,0,0,8,24,25,1,6,20,5,13,16,15,0,114,0,6,0,0,0,4,194,0,7,14,1
9,9,5,9.0,2,1,5253.333333333333,9392.0,40740,0.467290676716369,1672,5215.111111111111,40740,48824,0.0065541536949041,22815,0.0760077011305915,0.0342454530558741,True,1559.2857142857142,3711,22815,28.0,6,0,320,25,28,27,1,False,1,1,0,1,0,1,1,True,1.0,1,0,0,0,85,106,4,144,436,9,102,41,3,109,25,5,274,12,12,28,1,11,1,0,1,28,55,3,1,511,41,1,88,86,3,3,4,16,1,0,495,6,7,8,0,307,1,1,1,0,1,11,157,0,5,94,1,188,1,3,4,99,1,2,0,61,22,9,2,42,5,5,0,6,326,32,0,101,7,9,0,0,0,0,0,0,19,0,1,71,0,14,0,6,83,1,1,3,0,3,1,72,12,27,1,75,0,3,169,7,0,1,0,1,20,0,62,0,716,72,1,8,0,0,0,1,14,5,0,30,1,0,0,0,1,16,6,36,2,0,19,2,1,0,2,0,1,2,0,45,0,17,22,11,0,14,375,0,1,8,1
9,9,4,9.0,2,2,6469.333333333333,4201776.0,51996,0.5825743882091212,1448,6406.222222222223,51996,57536,0.0094549499443826,33519,0.0722851779755283,0.025166852057842,False,1894.103448275862,4159,33519,29.0,8,1,544,26,29,27,2,True,1,1,0,1,0,1,1,True,1.0,0,0,0,0,132,152,2,179,553,22,140,0,0,148,40,8,382,36,93,25,2,277,1,1,1,38,70,1,1,588,40,1,0,96,1,1,1,27,2,0,773,7,3,0,0,335,1,2,1,1,0,7,272,0,2,168,1,305,0,1,5,124,1,2,0,219,36,12,1,55,5,0,1,15,463,34,0,122,3,9,0,0,0,0,0,0,21,0,0,78,0,17,0,11,133,1,1,0,0,3,0,78,15,21,1,119,1,1,217,11,0,4,0,1,30,0,98,0,1240,79,0,4,0,0,0,0,7,3,0,37,1,0,0,0,1,22,7,31,2,2,34,94,0,0,0,0,1,2,0,19,0,4,18,16,0,25,682,0,1,3,1
11,11,4,11.0,2,3,7612.0,4204803.0,77496,0.7021160962072155,1672,7566.181818181818,77496,86480,0.005550416281221,60719,0.0425878815911193,0.0193339500462534,False,2681.866666666667,3683,60719,30.0,8,1,480,27,30,28,2,True,1,1,0,1,0,1,1,True,1.0,11,26,156,26,29,15,4,4,20,2,32,0,0,70,9,33,0,7,0,34,17,134,14,18,19,26,8,22,14,203,37,23,0,34,22,56,4,4,9,47,318,18,125,0,1,24,24,17,23,5,168,37,29,1,102,53,19,162,0,22,105,105,23,19,0,200,8,161,23,109,25,11,13,18,10,33,51,59,125,56,0,0,0,0,0,0,11,0,11,76,34,1,68,9,15,2,0,1,68,7,4,76,0,6,1,32,15,0,57,9,0,4,0,2,4,14,15,3,585,77,1,51,1,0,1,0,30,11,88,17,1,5,1,0,1,11,0,0,8,24,26,1,6,21,7,13,16,15,0,118,0,7,0,0,0,4,195,0,7,18,1
11,11,4,11.0,2,3,7612.0,4204911.0,77496,0.7028561517113784,1672,7566.181818181818,77496,86480,0.005550416281221,60783,0.0417784458834412,0.0193339500462534,False,2681.6666666666665,3613,60783,30.0,8,1,480,27,30,28,2,True,1,1,0,1,0,1,1,True,1.0,11,26,156,26,30,15,4,4,20,2,32,0,0,72,9,33,0,7,0,34,18,134,14,17,19,24,8,22,14,203,37,23,0,34,22,55,4,4,9,45,324,20,120,0,1,24,24,18,23,5,168,36,29,1,97,53,19,165,0,22,105,103,23,19,0,202,8,161,23,110,25,11,13,17,10,32,51,59,120,56,0,0,0,0,0,0,11,0,11,76,34,1,68,9,15,2,0,1,68,7,4,76,0,6,1,32,15,0,57,9,0,4,0,2,4,14,15,3,585,77,1,51,1,0,1,0,30,11,88,17,1,5,1,0,1,11,0,0,8,24,26,1,6,21,7,13,16,15,0,118,0,7,0,0,0,4,198,0,7,18,1
8,8,4,8.0,2,2,293242.75,4239360.0,2104466,0.6825896389237027,6576,291024.75,2104466,2285168,0.0077578541271363,1559832,0.1092519237097666,0.0028776877673764,False,76531.8,249659,1559832,30.0,9,1,17728,27,30,27,3,True,1,1,0,1,0,1,1,True,1.0,67,0,6013,0,1100,846,119,402,2093,193,1203,643,2524,2707,746,377,1149,1310,57,974,1397,620,542,1292,600,589,370,2641,542,8450,1495,651,2235,1724,2641,240,691,295,213,69,4875,467,4206,438,186,198,732,1396,639,2145,584,2900,2383,276,2453,3198,600,2784,16,2100,991,1500,639,581,132,681,673,1795,780,2145,376,481,1024,390,1819,961,1278,3328,4206,2644,0,0,0,0,0,0,231,0,215,194,864,303,340,106,220,31,166,83,580,303,267,194,157,138,938,1567,1468,655,5044,432,480,21,7,1052,922,219,1545,170,30400,195,55,2147,578,55,247,159,1491,304,1068,346,21,39,6,461,30,2459,108,10,1348,555,868,16,123,817,1526,371,432,586,250,2087,0,237,152,53,468,252,6688,59,120,72,1
11,11,5,11.0,4,1,4678.636363636364,23712.0,21005,0.2712190930258343,3520,4232.090909090909,21005,72152,0.0680785009424548,19569,0.0390287171526776,0.0487858964408471,True,2177.4,2816,19569,30.0,7,1,4912,25,30,30,0,False,0,0,1,1,1,1,1,True,1.0,0,0,0,0,10,11,0,3,18,4,13,45,45,47,15,0,7,11,1,25,5,40,15,2,27,91,5,2,15,122,26,34,65,44,2,7,28,4,1,0,223,17,2,38,0,46,15,5,34,0,85,29,86,0,2,37,27,85,0,1,20,146,34,2,0,45,21,11,26,81,3,7,7,9,18,76,4,143,2,11,0,0,0,0,0,0,39,0,0,84,20,100,16,33,11,0,0,31,17,2,0,85,0,60,0,5,0,2,24,28,1,21,0,0,1,0,2,0,183,85,0,21,0,1,0,1,24,1,16,13,4,9,1,0,1,0,0,0,1,30,26,1,8,1,4,26,25,6,0,29,0,12,0,0,0,0,194,3,3,5,1
10,10,0,10.0,2,2,46806.0,4218348.0,373732,0.0,0,38546.2,373732,385634,0.0,0,0.0,0.0,False,0.0,0,0,0.0,0,0,0,0,0,0,0,True,0,1,0,0,0,0,0,True,1.0,47,0,129,0,5,0,1,99,286,46,24,1,0,1063,8,1161,0,40,6,74,125,227,0,101,0,74,25,245,0,814,126,0,0,26,245,43,23,10,250,10,1006,161,271,0,7,4,0,125,0,187,26,252,496,1,169,207,0,114,3,170,107,346,0,59,0,233,19,757,0,98,139,93,57,7,5,146,28,63,271,4,0,0,0,0,0,0,0,0,0,0,0,0,0,0,0,0,0,0,0,0,0,0,0,0,0,0,0,0,0,0,0,0,0,0,0,0,0,0,0,0,0,0,0,0,0,0,0,0,0,0,0,0,0,0,0,0,0,0,0,0,0,0,0,0,0,0,0,0,0,0,0,0,0,0,0,0,0,0,0,0,1
10,10,0,10.0,2,2,49558.0,4222800.0,400308,0.0,0,41210.2,400308,410242,0.0,0,0.0,0.0,False,0.0,0,0,0.0,0,0,0,0,0,0,0,True,0,1,0,0,0,0,0,True,1.0,68,0,130,0,5,0,3,90,304,42,27,1,0,1112,11,1329,0,45,6,104,118,229,0,120,0,56,31,263,0,875,146,0,0,30,263,53,25,12,315,15,1021,207,314,0,7,5,0,118,0,189,27,278,520,3,204,195,0,124,3,183,109,380,0,59,0,265,21,820,0,141,153,134,59,9,12,159,30,85,314,4,0,0,0,0,0,0,0,0,0,0,0,0,0,0,0,0,0,0,0,0,0,0,0,0,0,0,0,0,0,0,0,0,0,0,0,0,0,0,0,0,0,0,0,0,0,0,0,0,0,0,0,0,0,0,0,0,0,0,0,0,0,0,0,0,0,0,0,0,0,0,0,0,0,0,0,0,0,0,0,0,1
8,8,4,8.0,2,2,168888.875,4385152.0,1189003,0.4864355691988288,18832,166875.875,1189003,1529773,0.0105165929847108,744136,0.0600089032817287,0.0123103231655938,False,48224.75,91800,744136,32.0,9,1,16088,27,32,29,3,True,1,0,1,1,1,1,1,True,1.0,18,0,2363,0,769,519,84,274,930,112,801,358,1807,1658,469,274,520,860,32,561,951,288,310,903,382,440,213,1706,310,4705,1008,427,1009,1132,1705,180,365,115,137,14,3320,299,2578,456,88,202,378,950,423,1585,359,2309,1441,176,1535,2217,382,1690,4,1317,520,919,423,373,91,476,330,1216,452,1334,248,387,573,213,905,819,837,2267,2578,1809,0,0,0,0,0,0,123,0,67,132,369,294,253,75,93,12,21,60,307,98,90,132,39,86,200,797,272,525,3168,302,241,18,1,273,331,111,780,52,18234,133,20,946,104,27,94,61,834,180,821,191,19,14,3,151,101,1417,136,23,890,344,609,11,74,258,1026,214,274,121,1,1271,0,419,61,56,24,196,3454,55,110,71,1
9,9,4,9.0,2,2,128714.66666666669,4199728.0,84612,0.5685152805230348,16652,11659.111111111111,1071160,105232,10.011023262885814,1053480,0.1337996046829861,0.1582408392884293,False,41264.96428571428,14080,59826,28.0,8,1,1053480,25,28,27,1,True,1,1,0,1,0,1,1,True,1.0,35,0,4,0,92,124,280,117,371,15,132,0,0,131,160,392,1242,55,16,83,2,174,1,1,1,70,57,1,1,363,100,1,0,50,1,2,74,14,255,0,702,9,2,0,0,49,1,2,1,1,5,6,202,0,1,329,1,213,30,1,23,109,1,1,6,17,21,25,1,45,9,8,1,33,377,26,0,54,2,7,0,0,0,0,0,0,46,0,27,54,25,1,0,11,123,1,101,0,0,22,39,54,249,43,73,94,58,0,322,16,0,12,37,75,755,105,110,11,1182,55,2,90,138,0,62,21,110,28,0,39,6,0,7,60,1,250,212,18,1,2,5,6,1,0,0,0,1,48,67,67,0,2,0,6,0,15,306,0,1,4,1
9,9,4,9.0,2,2,128712.0,4199648.0,84588,0.5688193705336779,16652,11656.444444444443,1071160,105232,10.011023262885814,1053480,0.1341036946936293,0.1582408392884293,False,41264.642857142855,14112,59858,28.0,8,1,1053480,25,28,27,1,True,1,1,0,1,0,1,1,True,1.0,35,0,4,0,95,124,280,120,373,15,131,0,0,131,160,392,1245,55,17,81,2,173,1,1,1,69,58,1,1,363,101,1,0,51,1,2,74,14,255,0,710,9,2,0,0,50,1,2,1,1,5,6,204,0,1,329,1,215,30,1,23,105,1,1,6,18,21,26,1,46,9,8,1,31,379,26,0,54,2,6,0,0,0,0,0,0,45,0,27,53,25,1,0,11,122,1,101,0,0,22,39,53,249,44,73,93,58,0,323,15,0,12,37,75,756,105,109,11,1182,54,2,90,138,0,62,21,110,28,0,39,6,0,7,60,1,251,212,19,1,2,6,6,1,0,0,0,1,48,67,67,0,2,0,7,0,15,307,0,1,4,1
0,0,0,0.0,0,0,0.0,0.0,0,0.0,0,0.0,0,105223,0.0,0,0.0,0.0,False,0.0,0,0,0.0,0,0,0,0,0,0,0,False,0,0,0,0,0,0,0,False,0.0,35,0,4,0,96,125,280,120,379,15,132,0,0,132,160,392,1253,55,16,82,2,171,1,1,1,71,58,1,1,364,101,1,0,51,1,3,74,14,255,0,713,9,3,0,0,50,1,2,1,1,5,6,206,0,2,329,1,216,30,1,26,106,1,2,6,18,21,24,1,47,9,8,1,30,385,26,0,54,3,6,0,0,0,0,0,0,0,0,0,0,0,0,0,0,0,0,0,0,0,0,0,0,0,0,0,0,0,0,0,0,0,0,0,0,0,0,0,0,0,0,0,0,0,0,0,0,0,0,0,0,0,0,0,0,0,0,0,0,0,0,0,0,0,0,0,0,0,0,0,0,0,0,0,0,0,0,0,0,0,0,1
9,9,4,9.0,2,2,128760.0,4199728.0,85012,0.5715561806294663,16652,11704.444444444443,1071160,105232,10.011023262885814,1053480,0.1341036946936293,0.1582408392884293,False,41279.25,14112,60146,28.0,8,1,1053480,25,28,27,1,True,1,1,0,1,0,1,1,True,1.0,35,0,4,0,95,125,280,120,379,15,132,0,0,133,160,392,1253,55,16,82,2,171,1,1,1,73,58,2,1,364,101,1,0,51,2,5,74,14,255,0,713,9,3,0,0,49,1,2,1,1,5,7,206,0,2,329,1,216,30,1,26,107,1,2,6,18,21,27,1,47,9,8,1,30,385,26,0,54,3,6,0,0,0,0,0,0,47,0,27,54,25,1,0,11,123,1,101,0,0,22,39,54,249,44,73,94,58,0,322,16,0,12,37,75,756,105,110,11,1197,55,2,90,138,0,62,21,110,28,0,39,6,0,7,60,1,251,212,19,1,2,6,6,1,0,0,0,1,48,67,67,0,2,0,7,0,15,313,0,1,5,1
9,9,4,9.0,2,2,128756.44444444444,4199728.0,84980,0.5715561806294663,16652,11700.888888888889,1071160,105232,10.011023262885814,1053480,0.1337996046829861,0.1582408392884293,False,41278.107142857145,14080,60146,28.0,8,1,1053480,25,28,27,1,True,1,1,0,1,0,1,1,True,1.0,35,0,4,0,96,125,280,120,379,15,132,0,0,132,160,392,1253,55,16,82,2,171,1,1,1,71,58,1,1,364,101,1,0,51,1,3,74,14,255,0,713,9,3,0,0,50,1,2,1,1,5,6,206,0,2,329,1,216,30,1,26,106,1,2,6,18,21,24,1,47,9,8,1,30,385,26,0,54,3,6,0,0,0,0,0,0,47,0,27,54,25,1,0,11,123,1,101,0,0,22,39,54,249,44,73,94,58,0,323,16,0,12,37,75,756,105,110,11,1194,55,2,90,138,0,62,21,110,28,0,39,6,0,7,60,1,251,212,19,1,2,6,6,1,0,0,0,1,48,67,67,0,2,0,7,0,15,313,0,1,5,1
9,9,4,9.0,2,2,128869.33333333331,4200016.0,85956,0.5534499158557108,16628,11811.111111111111,1071192,109336,9.635545474500622,1053512,0.1314845979366357,0.1520816565449623,False,41314.82142857143,14376,60512,28.0,8,1,1053512,25,28,27,1,True,1,1,0,1,0,1,1,True,1.0,35,0,4,0,104,125,280,125,384,15,131,0,0,135,160,392,1254,55,16,88,2,178,1,1,1,75,58,2,1,381,98,1,0,53,2,1,75,14,255,0,700,9,4,0,0,50,1,2,1,1,5,6,193,0,3,328,1,215,30,1,25,116,1,3,19,20,21,25,1,51,9,10,1,29,389,25,0,54,4,8,0,0,0,0,0,0,46,0,27,58,25,2,0,12,123,1,101,0,0,22,39,58,249,43,73,94,58,0,327,16,0,12,37,75,757,105,110,11,1202,59,2,90,138,0,62,21,110,28,0,39,6,0,7,60,1,252,212,19,2,2,7,6,1,0,0,0,1,48,67,67,0,2,0,7,0,15,319,0,1,3,1
3,3,3,3.0,2,1,7306.666666666667,134513000.0,16548,0.8835978835978836,172,5593.333333333333,16548,17388,0.2944559466298597,15364,0.0563607085346215,0.0098918794570968,False,1677.6153846153843,980,15364,13.0,6,1,5120,11,13,12,1,True,1,1,0,0,0,1,1,False,0.0,2,0,70,0,1,0,0,13,0,0,7,0,0,1,0,0,0,0,2,9,0,10,0,0,0,17,14,0,0,116,38,0,0,15,0,4,0,3,0,0,2,3,0,0,40,0,0,0,0,0,0,0,0,0,0,31,0,0,0,0,3,20,0,0,0,0,0,11,0,19,1,3,14,6,0,5,25,0,0,1,0,0,0,0,0,0,13,0,4,0,5,0,0,0,0,3,1,0,0,1,17,0,2,39,0,40,2,0,44,0,0,4,0,1,12,0,12,5,284,0,0,22,5,3,1,10,19,1,0,35,1,2,3,0,4,21,0,0,0,24,0,0,8,12,7,44,5,13,0,5,0,0,9,0,0,0,0,0,3,0,1
4,4,3,4.0,2,2,4860.0,4194976.0,18276,0.7733050847457628,416,4807.0,18276,22656,0.0088276836158192,17520,0.0134180790960451,0.0183615819209039,False,1293.1764705882354,304,17520,17.0,7,0,200,13,17,12,5,True,1,1,0,0,0,1,1,False,0.0,0,0,0,0,0,0,0,3,0,0,10,0,0,0,0,0,0,0,0,0,0,18,0,0,0,0,0,0,0,67,0,0,0,0,0,0,0,66,0,0,0,11,0,0,0,0,0,0,0,0,0,10,0,0,0,0,0,0,0,0,0,0,0,0,0,0,0,1,0,128,4,5,0,66,0,108,0,0,0,3,0,0,0,0,0,0,0,0,0,0,0,0,0,0,0,0,0,0,0,0,0,0,0,0,0,0,0,0,0,0,0,0,0,0,0,0,0,0,0,0,0,0,0,0,0,0,0,0,0,0,0,0,0,0,0,0,0,0,0,0,0,0,0,0,0,0,0,0,0,0,0,0,0,0,0,0,0,0,0,0,1
